customer_id,acquisition_channel,cohort_month,signup_date,order_id,order_date,order_value_eur
C00001,Email,2026-03,2026-03-27,C00001-1,2026-03-27,75.01
C00001,Email,2026-03,2026-03-27,C00001-2,2026-04-03,153.4
C00001,Email,2026-03,2026-03-27,C00001-3,2026-04-25,61.68
C00002,Email,2026-03,2026-03-12,C00002-1,2026-03-12,50.83
C00002,Email,2026-03,2026-03-12,C00002-2,2026-04-11,132.77
C00003,Email,2026-02,2026-02-17,C00003-1,2026-02-17,99.21
C00003,Email,2026-02,2026-02-17,C00003-2,2026-03-15,116.84
C00003,Email,2026-02,2026-02-17,C00003-3,2026-04-21,112.76
C00004,Email,2026-04,2026-04-11,C00004-1,2026-04-11,108.49
C00004,Email,2026-04,2026-04-11,C00004-2,2026-04-26,72.46
C00005,Email,2026-03,2026-03-11,C00005-1,2026-03-11,80.7
C00006,Email,2026-02,2026-02-15,C00006-1,2026-02-15,90.87
C00006,Email,2026-02,2026-02-15,C00006-2,2026-03-16,104.16
C00006,Email,2026-02,2026-02-15,C00006-3,2026-04-29,80.22
C00007,Email,2026-01,2026-01-02,C00007-1,2026-01-02,90.87
C00008,Email,2025-12,2025-12-20,C00008-1,2025-12-20,93.94
C00008,Email,2025-12,2025-12-20,C00008-2,2026-01-31,122.14
C00009,Email,2026-05,2026-05-25,C00009-1,2026-05-25,48.3
C00010,Email,2026-03,2026-03-21,C00010-1,2026-03-21,74.66
C00010,Email,2026-03,2026-03-21,C00010-2,2026-04-10,72.62
C00010,Email,2026-03,2026-03-21,C00010-3,2026-04-17,127.73
C00011,Email,2026-03,2026-03-06,C00011-1,2026-03-06,65.12
C00011,Email,2026-03,2026-03-06,C00011-2,2026-03-25,23.53
C00011,Email,2026-03,2026-03-06,C00011-3,2026-04-26,117.96
C00012,Email,2026-04,2026-04-21,C00012-1,2026-04-21,79.49
C00013,Email,2026-05,2026-05-08,C00013-1,2026-05-08,56.68
C00014,Email,2026-01,2026-01-08,C00014-1,2026-01-08,73.48
C00015,Email,2025-12,2025-12-14,C00015-1,2025-12-14,90.02
C00015,Email,2025-12,2025-12-14,C00015-2,2026-01-13,45.02
C00015,Email,2025-12,2025-12-14,C00015-3,2026-02-18,68.18
C00015,Email,2025-12,2025-12-14,C00015-4,2026-04-01,123.27
C00016,Email,2026-04,2026-04-26,C00016-1,2026-04-26,44.59
C00017,Email,2026-01,2026-01-13,C00017-1,2026-01-13,91.5
C00018,Email,2026-03,2026-03-11,C00018-1,2026-03-11,133.1
C00018,Email,2026-03,2026-03-11,C00018-2,2026-04-25,49.64
C00019,Email,2026-02,2026-02-24,C00019-1,2026-02-24,75.69
C00020,Email,2026-05,2026-05-09,C00020-1,2026-05-09,89.71
C00021,Email,2026-05,2026-05-02,C00021-1,2026-05-02,62.18
C00022,Email,2026-03,2026-03-27,C00022-1,2026-03-27,95.73
C00022,Email,2026-03,2026-03-27,C00022-2,2026-04-25,72.08
C00023,Email,2026-01,2026-01-21,C00023-1,2026-01-21,107.88
C00023,Email,2026-01,2026-01-21,C00023-2,2026-03-01,131.61
C00023,Email,2026-01,2026-01-21,C00023-3,2026-03-24,94.48
C00023,Email,2026-01,2026-01-21,C00023-4,2026-04-17,76.39
C00024,Email,2026-05,2026-05-11,C00024-1,2026-05-11,78.05
C00025,Email,2026-02,2026-02-28,C00025-1,2026-02-28,66.35
C00026,Email,2026-01,2026-01-22,C00026-1,2026-01-22,98.39
C00026,Email,2026-01,2026-01-22,C00026-2,2026-02-17,51.18
C00027,Email,2025-12,2025-12-04,C00027-1,2025-12-04,92.63
C00028,Email,2026-05,2026-05-02,C00028-1,2026-05-02,79.9
C00029,Email,2026-01,2026-01-21,C00029-1,2026-01-21,49.68
C00030,Email,2026-04,2026-04-08,C00030-1,2026-04-08,85.8
C00031,Email,2026-01,2026-01-21,C00031-1,2026-01-21,59.92
C00031,Email,2026-01,2026-01-21,C00031-2,2026-02-27,67.71
C00032,Email,2025-12,2025-12-06,C00032-1,2025-12-06,94.57
C00032,Email,2025-12,2025-12-06,C00032-2,2025-12-13,101.66
C00032,Email,2025-12,2025-12-06,C00032-3,2026-02-08,125.63
C00032,Email,2025-12,2025-12-06,C00032-4,2026-03-19,47.69
C00033,Email,2026-05,2026-05-26,C00033-1,2026-05-26,65.37
C00034,Email,2026-02,2026-02-23,C00034-1,2026-02-23,91.49
C00035,Email,2026-03,2026-03-07,C00035-1,2026-03-07,119.32
C00035,Email,2026-03,2026-03-07,C00035-2,2026-04-19,101.1
C00035,Email,2026-03,2026-03-07,C00035-3,2026-05-30,77.63
C00036,Email,2026-01,2026-01-21,C00036-1,2026-01-21,108.49
C00036,Email,2026-01,2026-01-21,C00036-2,2026-03-02,75.52
C00037,Email,2026-05,2026-05-24,C00037-1,2026-05-24,132.13
C00038,Email,2026-04,2026-04-02,C00038-1,2026-04-02,121.12
C00038,Email,2026-04,2026-04-02,C00038-2,2026-04-26,84.3
C00039,Email,2026-05,2026-05-17,C00039-1,2026-05-17,118.77
C00040,Email,2026-05,2026-05-23,C00040-1,2026-05-23,104.36
C00041,Email,2026-01,2026-01-10,C00041-1,2026-01-10,50.24
C00041,Email,2026-01,2026-01-10,C00041-2,2026-02-08,104.15
C00042,Email,2026-02,2026-02-08,C00042-1,2026-02-08,77.06
C00043,Email,2026-04,2026-04-20,C00043-1,2026-04-20,138.61
C00044,Email,2026-05,2026-05-10,C00044-1,2026-05-10,129.79
C00045,Email,2025-12,2025-12-21,C00045-1,2025-12-21,134.59
C00046,Email,2026-04,2026-04-15,C00046-1,2026-04-15,95.57
C00047,Email,2026-05,2026-05-12,C00047-1,2026-05-12,105.73
C00048,Email,2026-05,2026-05-24,C00048-1,2026-05-24,81.36
C00049,Email,2025-12,2025-12-02,C00049-1,2025-12-02,113.02
C00050,Email,2026-03,2026-03-17,C00050-1,2026-03-17,34.26
C00050,Email,2026-03,2026-03-17,C00050-2,2026-04-30,28.46
C00051,Email,2026-04,2026-04-09,C00051-1,2026-04-09,95.32
C00052,Email,2026-01,2026-01-21,C00052-1,2026-01-21,65.51
C00053,Email,2026-05,2026-05-25,C00053-1,2026-05-25,66.65
C00054,Email,2026-01,2026-01-20,C00054-1,2026-01-20,78.38
C00054,Email,2026-01,2026-01-20,C00054-2,2026-02-28,91.31
C00055,Email,2026-04,2026-04-13,C00055-1,2026-04-13,66.47
C00055,Email,2026-04,2026-04-13,C00055-2,2026-05-05,87.17
C00056,Email,2026-01,2026-01-27,C00056-1,2026-01-27,135.96
C00056,Email,2026-01,2026-01-27,C00056-2,2026-02-24,73.52
C00057,Email,2025-12,2025-12-02,C00057-1,2025-12-02,102.19
C00058,Email,2026-04,2026-04-28,C00058-1,2026-04-28,59.62
C00058,Email,2026-04,2026-04-28,C00058-2,2026-05-25,80.84
C00059,Email,2026-02,2026-02-07,C00059-1,2026-02-07,118.07
C00059,Email,2026-02,2026-02-07,C00059-2,2026-03-04,87.85
C00059,Email,2026-02,2026-02-07,C00059-3,2026-03-22,79.08
C00059,Email,2026-02,2026-02-07,C00059-4,2026-04-30,103.68
C00060,Email,2026-02,2026-02-14,C00060-1,2026-02-14,104.13
C00060,Email,2026-02,2026-02-14,C00060-2,2026-04-04,67.49
C00061,Email,2026-05,2026-05-06,C00061-1,2026-05-06,99.94
C00062,Email,2026-01,2026-01-05,C00062-1,2026-01-05,72.09
C00063,Email,2026-04,2026-04-23,C00063-1,2026-04-23,130.36
C00063,Email,2026-04,2026-04-23,C00063-2,2026-05-25,47.75
C00064,Email,2025-12,2025-12-25,C00064-1,2025-12-25,93.26
C00064,Email,2025-12,2025-12-25,C00064-2,2026-01-26,69.0
C00064,Email,2025-12,2025-12-25,C00064-3,2026-02-22,137.5
C00065,Email,2026-01,2026-01-04,C00065-1,2026-01-04,13.25
C00065,Email,2026-01,2026-01-04,C00065-2,2026-03-01,76.62
C00065,Email,2026-01,2026-01-04,C00065-3,2026-03-30,92.78
C00065,Email,2026-01,2026-01-04,C00065-4,2026-04-12,86.33
C00066,Email,2025-12,2025-12-11,C00066-1,2025-12-11,91.61
C00066,Email,2025-12,2025-12-11,C00066-2,2026-01-13,86.73
C00067,Email,2025-12,2025-12-16,C00067-1,2025-12-16,93.96
C00068,Email,2026-02,2026-02-21,C00068-1,2026-02-21,130.19
C00068,Email,2026-02,2026-02-21,C00068-2,2026-03-23,92.77
C00068,Email,2026-02,2026-02-21,C00068-3,2026-05-03,52.43
C00069,Email,2025-12,2025-12-17,C00069-1,2025-12-17,57.08
C00069,Email,2025-12,2025-12-17,C00069-2,2026-01-27,80.12
C00069,Email,2025-12,2025-12-17,C00069-3,2026-03-21,84.76
C00070,Email,2026-01,2026-01-04,C00070-1,2026-01-04,82.4
C00071,Email,2026-05,2026-05-24,C00071-1,2026-05-24,130.67
C00072,Email,2026-02,2026-02-02,C00072-1,2026-02-02,114.7
C00073,Email,2026-03,2026-03-11,C00073-1,2026-03-11,82.41
C00073,Email,2026-03,2026-03-11,C00073-2,2026-04-08,99.1
C00073,Email,2026-03,2026-03-11,C00073-3,2026-05-03,71.14
C00074,Email,2025-12,2025-12-24,C00074-1,2025-12-24,72.37
C00075,Email,2026-04,2026-04-12,C00075-1,2026-04-12,95.24
C00075,Email,2026-04,2026-04-12,C00075-2,2026-04-30,70.32
C00076,Email,2026-03,2026-03-04,C00076-1,2026-03-04,130.91
C00077,Email,2026-05,2026-05-08,C00077-1,2026-05-08,128.14
C00078,Email,2026-02,2026-02-01,C00078-1,2026-02-01,56.19
C00078,Email,2026-02,2026-02-01,C00078-2,2026-03-07,92.65
C00079,Email,2026-03,2026-03-13,C00079-1,2026-03-13,92.22
C00079,Email,2026-03,2026-03-13,C00079-2,2026-04-12,73.21
C00080,Email,2026-01,2026-01-22,C00080-1,2026-01-22,57.61
C00080,Email,2026-01,2026-01-22,C00080-2,2026-03-10,90.25
C00081,Email,2026-02,2026-02-22,C00081-1,2026-02-22,50.09
C00081,Email,2026-02,2026-02-22,C00081-2,2026-03-05,78.39
C00082,Email,2026-03,2026-03-20,C00082-1,2026-03-20,105.19
C00082,Email,2026-03,2026-03-20,C00082-2,2026-04-02,59.41
C00083,Email,2025-12,2025-12-13,C00083-1,2025-12-13,47.45
C00083,Email,2025-12,2025-12-13,C00083-2,2026-01-27,60.62
C00083,Email,2025-12,2025-12-13,C00083-3,2026-02-16,45.37
C00084,Email,2026-03,2026-03-07,C00084-1,2026-03-07,47.56
C00085,Email,2026-01,2026-01-04,C00085-1,2026-01-04,71.81
C00086,Email,2026-05,2026-05-17,C00086-1,2026-05-17,88.05
C00087,Email,2026-03,2026-03-06,C00087-1,2026-03-06,63.71
C00088,Email,2026-01,2026-01-28,C00088-1,2026-01-28,95.54
C00088,Email,2026-01,2026-01-28,C00088-2,2026-02-08,121.95
C00089,Email,2026-04,2026-04-17,C00089-1,2026-04-17,99.98
C00089,Email,2026-04,2026-04-17,C00089-2,2026-05-21,147.72
C00090,Email,2026-05,2026-05-13,C00090-1,2026-05-13,77.67
C00090,Email,2026-05,2026-05-13,C00090-2,2026-05-30,133.61
C00091,Email,2026-03,2026-03-15,C00091-1,2026-03-15,97.29
C00092,Email,2026-02,2026-02-07,C00092-1,2026-02-07,117.44
C00092,Email,2026-02,2026-02-07,C00092-2,2026-02-23,111.99
C00092,Email,2026-02,2026-02-07,C00092-3,2026-04-12,109.51
C00093,Email,2026-04,2026-04-10,C00093-1,2026-04-10,99.98
C00093,Email,2026-04,2026-04-10,C00093-2,2026-05-27,68.03
C00094,Email,2026-02,2026-02-06,C00094-1,2026-02-06,74.34
C00094,Email,2026-02,2026-02-06,C00094-2,2026-03-24,126.82
C00094,Email,2026-02,2026-02-06,C00094-3,2026-04-26,67.27
C00095,Email,2026-05,2026-05-27,C00095-1,2026-05-27,92.19
C00096,Email,2025-12,2025-12-11,C00096-1,2025-12-11,68.95
C00097,Email,2026-03,2026-03-26,C00097-1,2026-03-26,96.27
C00097,Email,2026-03,2026-03-26,C00097-2,2026-04-19,64.26
C00098,Email,2026-01,2026-01-27,C00098-1,2026-01-27,85.62
C00098,Email,2026-01,2026-01-27,C00098-2,2026-03-05,53.21
C00098,Email,2026-01,2026-01-27,C00098-3,2026-04-20,59.69
C00099,Email,2025-12,2025-12-02,C00099-1,2025-12-02,40.42
C00100,Email,2026-01,2026-01-26,C00100-1,2026-01-26,74.77
C00101,Email,2026-05,2026-05-28,C00101-1,2026-05-28,41.43
C00102,Email,2026-03,2026-03-16,C00102-1,2026-03-16,143.33
C00103,Email,2026-05,2026-05-25,C00103-1,2026-05-25,123.04
C00104,Email,2026-05,2026-05-26,C00104-1,2026-05-26,95.66
C00105,Email,2026-01,2026-01-13,C00105-1,2026-01-13,57.05
C00106,Email,2026-05,2026-05-14,C00106-1,2026-05-14,66.59
C00107,Email,2026-01,2026-01-06,C00107-1,2026-01-06,83.88
C00108,Email,2026-01,2026-01-18,C00108-1,2026-01-18,68.42
C00108,Email,2026-01,2026-01-18,C00108-2,2026-02-21,85.03
C00109,Email,2026-02,2026-02-22,C00109-1,2026-02-22,117.12
C00110,Email,2026-02,2026-02-12,C00110-1,2026-02-12,57.73
C00111,Email,2026-03,2026-03-16,C00111-1,2026-03-16,122.81
C00112,Email,2025-12,2025-12-09,C00112-1,2025-12-09,74.11
C00113,Email,2026-04,2026-04-18,C00113-1,2026-04-18,95.25
C00113,Email,2026-04,2026-04-18,C00113-2,2026-05-18,96.5
C00114,Email,2026-02,2026-02-03,C00114-1,2026-02-03,80.8
C00114,Email,2026-02,2026-02-03,C00114-2,2026-03-06,94.75
C00115,Email,2026-02,2026-02-26,C00115-1,2026-02-26,70.19
C00115,Email,2026-02,2026-02-26,C00115-2,2026-03-19,83.06
C00115,Email,2026-02,2026-02-26,C00115-3,2026-04-04,104.09
C00116,Email,2026-02,2026-02-17,C00116-1,2026-02-17,81.95
C00116,Email,2026-02,2026-02-17,C00116-2,2026-03-24,88.92
C00116,Email,2026-02,2026-02-17,C00116-3,2026-04-27,56.15
C00117,Email,2026-01,2026-01-12,C00117-1,2026-01-12,102.92
C00117,Email,2026-01,2026-01-12,C00117-2,2026-02-17,103.03
C00118,Email,2026-02,2026-02-10,C00118-1,2026-02-10,56.87
C00118,Email,2026-02,2026-02-10,C00118-2,2026-03-29,104.44
C00119,Email,2025-12,2025-12-06,C00119-1,2025-12-06,92.5
C00120,Email,2026-05,2026-05-14,C00120-1,2026-05-14,75.87
C00121,Email,2026-05,2026-05-12,C00121-1,2026-05-12,72.62
C00122,Email,2026-02,2026-02-07,C00122-1,2026-02-07,95.33
C00122,Email,2026-02,2026-02-07,C00122-2,2026-03-30,75.96
C00122,Email,2026-02,2026-02-07,C00122-3,2026-04-24,90.49
C00123,Email,2026-04,2026-04-11,C00123-1,2026-04-11,108.94
C00124,Email,2026-03,2026-03-20,C00124-1,2026-03-20,108.87
C00124,Email,2026-03,2026-03-20,C00124-2,2026-04-28,60.31
C00125,Email,2025-12,2025-12-08,C00125-1,2025-12-08,99.46
C00125,Email,2025-12,2025-12-08,C00125-2,2026-01-06,72.2
C00126,Email,2026-03,2026-03-17,C00126-1,2026-03-17,62.05
C00127,Email,2025-12,2025-12-22,C00127-1,2025-12-22,82.3
C00128,Email,2026-04,2026-04-21,C00128-1,2026-04-21,102.18
C00129,Email,2026-01,2026-01-20,C00129-1,2026-01-20,104.96
C00130,Email,2026-01,2026-01-16,C00130-1,2026-01-16,73.87
C00130,Email,2026-01,2026-01-16,C00130-2,2026-02-13,73.21
C00131,Email,2025-12,2025-12-27,C00131-1,2025-12-27,51.85
C00132,Email,2026-04,2026-04-16,C00132-1,2026-04-16,118.84
C00132,Email,2026-04,2026-04-16,C00132-2,2026-05-23,75.81
C00133,Email,2026-01,2026-01-17,C00133-1,2026-01-17,128.79
C00133,Email,2026-01,2026-01-17,C00133-2,2026-03-16,71.31
C00133,Email,2026-01,2026-01-17,C00133-3,2026-04-20,66.4
C00133,Email,2026-01,2026-01-17,C00133-4,2026-05-31,63.11
C00134,Email,2026-01,2026-01-15,C00134-1,2026-01-15,86.77
C00134,Email,2026-01,2026-01-15,C00134-2,2026-02-15,50.64
C00135,Email,2026-05,2026-05-17,C00135-1,2026-05-17,93.21
C00136,Email,2026-02,2026-02-20,C00136-1,2026-02-20,116.19
C00136,Email,2026-02,2026-02-20,C00136-2,2026-04-14,84.75
C00137,Email,2026-05,2026-05-20,C00137-1,2026-05-20,106.54
C00138,Email,2026-03,2026-03-26,C00138-1,2026-03-26,45.18
C00138,Email,2026-03,2026-03-26,C00138-2,2026-04-24,84.39
C00138,Email,2026-03,2026-03-26,C00138-3,2026-05-20,51.36
C00139,Email,2026-03,2026-03-27,C00139-1,2026-03-27,90.45
C00140,Email,2026-02,2026-02-28,C00140-1,2026-02-28,83.89
C00140,Email,2026-02,2026-02-28,C00140-2,2026-04-12,100.84
C00140,Email,2026-02,2026-02-28,C00140-3,2026-05-06,47.72
C00141,Email,2026-02,2026-02-16,C00141-1,2026-02-16,60.19
C00141,Email,2026-02,2026-02-16,C00141-2,2026-03-27,109.14
C00141,Email,2026-02,2026-02-16,C00141-3,2026-04-29,125.87
C00141,Email,2026-02,2026-02-16,C00141-4,2026-05-21,69.72
C00142,Email,2026-05,2026-05-16,C00142-1,2026-05-16,100.44
C00143,Email,2026-02,2026-02-11,C00143-1,2026-02-11,73.21
C00144,Email,2026-04,2026-04-04,C00144-1,2026-04-04,91.1
C00144,Email,2026-04,2026-04-04,C00144-2,2026-05-10,80.15
C00145,Email,2026-01,2026-01-08,C00145-1,2026-01-08,101.74
C00146,Email,2025-12,2025-12-11,C00146-1,2025-12-11,87.28
C00146,Email,2025-12,2025-12-11,C00146-2,2026-01-07,68.1
C00146,Email,2025-12,2025-12-11,C00146-3,2026-02-12,77.92
C00147,Email,2026-03,2026-03-20,C00147-1,2026-03-20,25.7
C00148,Email,2026-01,2026-01-23,C00148-1,2026-01-23,79.0
C00149,Email,2026-02,2026-02-11,C00149-1,2026-02-11,108.02
C00149,Email,2026-02,2026-02-11,C00149-2,2026-03-16,113.15
C00149,Email,2026-02,2026-02-11,C00149-3,2026-05-08,115.22
C00150,Email,2026-04,2026-04-23,C00150-1,2026-04-23,85.05
C00150,Email,2026-04,2026-04-23,C00150-2,2026-05-18,109.43
C00151,Organic Search,2026-02,2026-02-03,C00151-1,2026-02-03,49.49
C00152,Organic Search,2026-01,2026-01-12,C00152-1,2026-01-12,73.99
C00152,Organic Search,2026-01,2026-01-12,C00152-2,2026-01-26,27.97
C00152,Organic Search,2026-01,2026-01-12,C00152-3,2026-02-18,112.17
C00153,Organic Search,2026-02,2026-02-04,C00153-1,2026-02-04,62.5
C00153,Organic Search,2026-02,2026-02-04,C00153-2,2026-03-14,63.52
C00154,Organic Search,2026-01,2026-01-13,C00154-1,2026-01-13,40.3
C00155,Organic Search,2026-04,2026-04-03,C00155-1,2026-04-03,55.39
C00156,Organic Search,2026-03,2026-03-03,C00156-1,2026-03-03,64.9
C00157,Organic Search,2026-05,2026-05-07,C00157-1,2026-05-07,127.93
C00158,Organic Search,2026-02,2026-02-22,C00158-1,2026-02-22,65.45
C00158,Organic Search,2026-02,2026-02-22,C00158-2,2026-03-26,63.42
C00158,Organic Search,2026-02,2026-02-22,C00158-3,2026-04-18,96.25
C00159,Organic Search,2026-02,2026-02-01,C00159-1,2026-02-01,44.12
C00159,Organic Search,2026-02,2026-02-01,C00159-2,2026-03-02,87.07
C00159,Organic Search,2026-02,2026-02-01,C00159-3,2026-04-06,70.84
C00160,Organic Search,2026-05,2026-05-23,C00160-1,2026-05-23,70.77
C00161,Organic Search,2026-05,2026-05-15,C00161-1,2026-05-15,62.9
C00162,Organic Search,2026-04,2026-04-12,C00162-1,2026-04-12,120.19
C00163,Organic Search,2026-03,2026-03-14,C00163-1,2026-03-14,50.46
C00163,Organic Search,2026-03,2026-03-14,C00163-2,2026-04-05,72.49
C00163,Organic Search,2026-03,2026-03-14,C00163-3,2026-05-05,66.37
C00164,Organic Search,2026-05,2026-05-02,C00164-1,2026-05-02,76.03
C00164,Organic Search,2026-05,2026-05-02,C00164-2,2026-05-24,102.67
C00165,Organic Search,2025-12,2025-12-17,C00165-1,2025-12-17,125.46
C00166,Organic Search,2025-12,2025-12-17,C00166-1,2025-12-17,82.92
C00167,Organic Search,2025-12,2025-12-01,C00167-1,2025-12-01,77.83
C00167,Organic Search,2025-12,2025-12-01,C00167-2,2025-12-18,54.61
C00168,Organic Search,2026-05,2026-05-16,C00168-1,2026-05-16,89.23
C00169,Organic Search,2026-01,2026-01-15,C00169-1,2026-01-15,106.17
C00170,Organic Search,2026-01,2026-01-07,C00170-1,2026-01-07,50.61
C00171,Organic Search,2026-01,2026-01-14,C00171-1,2026-01-14,98.46
C00171,Organic Search,2026-01,2026-01-14,C00171-2,2026-03-11,64.87
C00171,Organic Search,2026-01,2026-01-14,C00171-3,2026-05-01,79.45
C00172,Organic Search,2026-05,2026-05-04,C00172-1,2026-05-04,71.0
C00173,Organic Search,2026-04,2026-04-25,C00173-1,2026-04-25,72.02
C00174,Organic Search,2026-05,2026-05-18,C00174-1,2026-05-18,80.27
C00175,Organic Search,2026-01,2026-01-25,C00175-1,2026-01-25,96.31
C00176,Organic Search,2026-03,2026-03-05,C00176-1,2026-03-05,113.69
C00177,Organic Search,2025-12,2025-12-19,C00177-1,2025-12-19,80.69
C00177,Organic Search,2025-12,2025-12-19,C00177-2,2026-02-13,101.57
C00178,Organic Search,2026-02,2026-02-13,C00178-1,2026-02-13,109.38
C00178,Organic Search,2026-02,2026-02-13,C00178-2,2026-03-30,103.07
C00179,Organic Search,2026-05,2026-05-15,C00179-1,2026-05-15,96.16
C00180,Organic Search,2026-01,2026-01-21,C00180-1,2026-01-21,77.93
C00180,Organic Search,2026-01,2026-01-21,C00180-2,2026-02-15,105.39
C00181,Organic Search,2026-01,2026-01-11,C00181-1,2026-01-11,99.76
C00181,Organic Search,2026-01,2026-01-11,C00181-2,2026-02-10,82.77
C00182,Organic Search,2026-03,2026-03-24,C00182-1,2026-03-24,100.03
C00182,Organic Search,2026-03,2026-03-24,C00182-2,2026-04-28,81.99
C00183,Organic Search,2026-02,2026-02-16,C00183-1,2026-02-16,77.13
C00183,Organic Search,2026-02,2026-02-16,C00183-2,2026-03-16,77.14
C00184,Organic Search,2026-05,2026-05-09,C00184-1,2026-05-09,73.55
C00185,Organic Search,2025-12,2025-12-11,C00185-1,2025-12-11,86.39
C00185,Organic Search,2025-12,2025-12-11,C00185-2,2026-01-18,97.34
C00185,Organic Search,2025-12,2025-12-11,C00185-3,2026-02-17,122.2
C00185,Organic Search,2025-12,2025-12-11,C00185-4,2026-03-13,98.12
C00186,Organic Search,2026-02,2026-02-21,C00186-1,2026-02-21,66.52
C00187,Organic Search,2026-04,2026-04-06,C00187-1,2026-04-06,47.71
C00188,Organic Search,2026-01,2026-01-11,C00188-1,2026-01-11,96.52
C00188,Organic Search,2026-01,2026-01-11,C00188-2,2026-02-09,105.56
C00189,Organic Search,2026-01,2026-01-28,C00189-1,2026-01-28,105.38
C00190,Organic Search,2025-12,2025-12-26,C00190-1,2025-12-26,62.25
C00191,Organic Search,2026-05,2026-05-15,C00191-1,2026-05-15,129.83
C00191,Organic Search,2026-05,2026-05-15,C00191-2,2026-05-22,51.37
C00192,Organic Search,2026-05,2026-05-05,C00192-1,2026-05-05,77.79
C00193,Organic Search,2025-12,2025-12-13,C00193-1,2025-12-13,73.52
C00193,Organic Search,2025-12,2025-12-13,C00193-2,2026-01-05,120.14
C00194,Organic Search,2026-05,2026-05-06,C00194-1,2026-05-06,41.1
C00195,Organic Search,2025-12,2025-12-10,C00195-1,2025-12-10,103.71
C00196,Organic Search,2026-02,2026-02-19,C00196-1,2026-02-19,81.06
C00197,Organic Search,2026-04,2026-04-23,C00197-1,2026-04-23,82.77
C00198,Organic Search,2025-12,2025-12-22,C00198-1,2025-12-22,90.83
C00199,Organic Search,2026-04,2026-04-21,C00199-1,2026-04-21,127.95
C00199,Organic Search,2026-04,2026-04-21,C00199-2,2026-05-21,65.5
C00200,Organic Search,2025-12,2025-12-28,C00200-1,2025-12-28,115.52
C00200,Organic Search,2025-12,2025-12-28,C00200-2,2026-01-24,88.0
C00201,Organic Search,2026-01,2026-01-09,C00201-1,2026-01-09,89.22
C00202,Organic Search,2026-01,2026-01-15,C00202-1,2026-01-15,118.42
C00203,Organic Search,2026-04,2026-04-28,C00203-1,2026-04-28,47.96
C00204,Organic Search,2026-04,2026-04-21,C00204-1,2026-04-21,49.91
C00205,Organic Search,2026-03,2026-03-15,C00205-1,2026-03-15,92.73
C00206,Organic Search,2026-03,2026-03-05,C00206-1,2026-03-05,97.1
C00206,Organic Search,2026-03,2026-03-05,C00206-2,2026-03-17,71.8
C00206,Organic Search,2026-03,2026-03-05,C00206-3,2026-04-29,82.69
C00207,Organic Search,2026-03,2026-03-14,C00207-1,2026-03-14,56.25
C00207,Organic Search,2026-03,2026-03-14,C00207-2,2026-04-28,101.35
C00207,Organic Search,2026-03,2026-03-14,C00207-3,2026-05-15,43.16
C00208,Organic Search,2026-04,2026-04-03,C00208-1,2026-04-03,88.7
C00208,Organic Search,2026-04,2026-04-03,C00208-2,2026-05-09,48.68
C00209,Organic Search,2026-04,2026-04-20,C00209-1,2026-04-20,48.09
C00210,Organic Search,2026-05,2026-05-24,C00210-1,2026-05-24,87.06
C00211,Organic Search,2026-01,2026-01-13,C00211-1,2026-01-13,51.9
C00211,Organic Search,2026-01,2026-01-13,C00211-2,2026-02-24,112.44
C00211,Organic Search,2026-01,2026-01-13,C00211-3,2026-03-25,93.25
C00211,Organic Search,2026-01,2026-01-13,C00211-4,2026-05-05,106.85
C00212,Organic Search,2026-04,2026-04-07,C00212-1,2026-04-07,86.1
C00212,Organic Search,2026-04,2026-04-07,C00212-2,2026-05-01,71.63
C00213,Organic Search,2026-01,2026-01-21,C00213-1,2026-01-21,123.57
C00213,Organic Search,2026-01,2026-01-21,C00213-2,2026-02-28,42.42
C00214,Organic Search,2026-02,2026-02-15,C00214-1,2026-02-15,84.57
C00215,Organic Search,2026-02,2026-02-07,C00215-1,2026-02-07,64.41
C00215,Organic Search,2026-02,2026-02-07,C00215-2,2026-02-19,91.63
C00216,Organic Search,2026-03,2026-03-14,C00216-1,2026-03-14,108.05
C00217,Organic Search,2025-12,2025-12-09,C00217-1,2025-12-09,66.79
C00218,Organic Search,2026-02,2026-02-13,C00218-1,2026-02-13,84.51
C00218,Organic Search,2026-02,2026-02-13,C00218-2,2026-03-10,61.6
C00218,Organic Search,2026-02,2026-02-13,C00218-3,2026-04-04,74.07
C00219,Organic Search,2026-01,2026-01-13,C00219-1,2026-01-13,84.1
C00220,Organic Search,2026-02,2026-02-12,C00220-1,2026-02-12,72.39
C00220,Organic Search,2026-02,2026-02-12,C00220-2,2026-03-06,58.66
C00221,Organic Search,2026-04,2026-04-22,C00221-1,2026-04-22,65.7
C00221,Organic Search,2026-04,2026-04-22,C00221-2,2026-05-26,74.54
C00222,Organic Search,2026-03,2026-03-11,C00222-1,2026-03-11,81.73
C00223,Organic Search,2026-02,2026-02-09,C00223-1,2026-02-09,86.95
C00224,Organic Search,2026-04,2026-04-16,C00224-1,2026-04-16,99.22
C00225,Organic Search,2025-12,2025-12-14,C00225-1,2025-12-14,21.58
C00226,Organic Search,2026-05,2026-05-06,C00226-1,2026-05-06,94.7
C00227,Organic Search,2026-05,2026-05-05,C00227-1,2026-05-05,71.79
C00228,Organic Search,2026-01,2026-01-01,C00228-1,2026-01-01,79.22
C00229,Organic Search,2026-02,2026-02-13,C00229-1,2026-02-13,93.82
C00229,Organic Search,2026-02,2026-02-13,C00229-2,2026-03-27,67.03
C00229,Organic Search,2026-02,2026-02-13,C00229-3,2026-05-07,85.74
C00230,Organic Search,2026-01,2026-01-19,C00230-1,2026-01-19,34.98
C00231,Organic Search,2026-05,2026-05-28,C00231-1,2026-05-28,104.71
C00232,Organic Search,2026-02,2026-02-12,C00232-1,2026-02-12,99.98
C00233,Organic Search,2026-04,2026-04-04,C00233-1,2026-04-04,78.14
C00233,Organic Search,2026-04,2026-04-04,C00233-2,2026-05-09,73.03
C00234,Organic Search,2025-12,2025-12-01,C00234-1,2025-12-01,94.77
C00235,Organic Search,2026-04,2026-04-22,C00235-1,2026-04-22,112.08
C00235,Organic Search,2026-04,2026-04-22,C00235-2,2026-05-23,57.48
C00236,Organic Search,2026-05,2026-05-14,C00236-1,2026-05-14,70.95
C00237,Organic Search,2026-02,2026-02-11,C00237-1,2026-02-11,89.59
C00238,Organic Search,2026-01,2026-01-22,C00238-1,2026-01-22,49.92
C00239,Organic Search,2026-03,2026-03-28,C00239-1,2026-03-28,53.86
C00239,Organic Search,2026-03,2026-03-28,C00239-2,2026-04-18,96.78
C00239,Organic Search,2026-03,2026-03-28,C00239-3,2026-05-25,57.78
C00240,Organic Search,2026-04,2026-04-07,C00240-1,2026-04-07,73.67
C00241,Organic Search,2025-12,2025-12-17,C00241-1,2025-12-17,87.36
C00241,Organic Search,2025-12,2025-12-17,C00241-2,2026-01-15,62.36
C00242,Organic Search,2026-05,2026-05-15,C00242-1,2026-05-15,106.24
C00243,Organic Search,2026-04,2026-04-03,C00243-1,2026-04-03,79.85
C00243,Organic Search,2026-04,2026-04-03,C00243-2,2026-04-12,95.29
C00244,Organic Search,2026-04,2026-04-15,C00244-1,2026-04-15,48.61
C00245,Organic Search,2025-12,2025-12-07,C00245-1,2025-12-07,131.72
C00246,Organic Search,2026-02,2026-02-04,C00246-1,2026-02-04,77.08
C00247,Organic Search,2025-12,2025-12-13,C00247-1,2025-12-13,65.18
C00247,Organic Search,2025-12,2025-12-13,C00247-2,2026-01-25,102.07
C00248,Organic Search,2026-02,2026-02-17,C00248-1,2026-02-17,77.47
C00248,Organic Search,2026-02,2026-02-17,C00248-2,2026-03-09,104.66
C00248,Organic Search,2026-02,2026-02-17,C00248-3,2026-04-25,51.67
C00248,Organic Search,2026-02,2026-02-17,C00248-4,2026-05-31,42.1
C00249,Organic Search,2026-02,2026-02-11,C00249-1,2026-02-11,87.98
C00250,Organic Search,2026-01,2026-01-17,C00250-1,2026-01-17,39.27
C00250,Organic Search,2026-01,2026-01-17,C00250-2,2026-03-04,75.82
C00250,Organic Search,2026-01,2026-01-17,C00250-3,2026-04-01,56.11
C00251,Organic Search,2025-12,2025-12-12,C00251-1,2025-12-12,105.74
C00252,Organic Search,2026-04,2026-04-08,C00252-1,2026-04-08,78.98
C00253,Organic Search,2026-03,2026-03-25,C00253-1,2026-03-25,74.36
C00254,Organic Search,2026-02,2026-02-11,C00254-1,2026-02-11,76.14
C00255,Organic Search,2025-12,2025-12-01,C00255-1,2025-12-01,94.54
C00255,Organic Search,2025-12,2025-12-01,C00255-2,2026-01-04,97.58
C00256,Organic Search,2026-04,2026-04-23,C00256-1,2026-04-23,79.79
C00257,Organic Search,2025-12,2025-12-06,C00257-1,2025-12-06,78.8
C00258,Organic Search,2026-01,2026-01-22,C00258-1,2026-01-22,73.44
C00259,Organic Search,2026-03,2026-03-08,C00259-1,2026-03-08,72.59
C00259,Organic Search,2026-03,2026-03-08,C00259-2,2026-04-04,82.88
C00260,Organic Search,2026-02,2026-02-05,C00260-1,2026-02-05,83.73
C00260,Organic Search,2026-02,2026-02-05,C00260-2,2026-02-26,96.14
C00261,Organic Search,2026-05,2026-05-21,C00261-1,2026-05-21,94.36
C00262,Organic Search,2026-04,2026-04-22,C00262-1,2026-04-22,58.38
C00263,Organic Search,2025-12,2025-12-27,C00263-1,2025-12-27,85.63
C00264,Organic Search,2026-02,2026-02-25,C00264-1,2026-02-25,95.58
C00264,Organic Search,2026-02,2026-02-25,C00264-2,2026-04-28,91.37
C00265,Organic Search,2025-12,2025-12-24,C00265-1,2025-12-24,91.79
C00266,Organic Search,2026-03,2026-03-04,C00266-1,2026-03-04,109.62
C00266,Organic Search,2026-03,2026-03-04,C00266-2,2026-04-07,90.86
C00267,Organic Search,2026-05,2026-05-01,C00267-1,2026-05-01,76.92
C00268,Organic Search,2025-12,2025-12-14,C00268-1,2025-12-14,132.87
C00268,Organic Search,2025-12,2025-12-14,C00268-2,2026-02-01,86.66
C00268,Organic Search,2025-12,2025-12-14,C00268-3,2026-03-05,109.32
C00269,Organic Search,2026-05,2026-05-18,C00269-1,2026-05-18,72.16
C00270,Organic Search,2026-01,2026-01-26,C00270-1,2026-01-26,101.57
C00270,Organic Search,2026-01,2026-01-26,C00270-2,2026-03-03,119.61
C00270,Organic Search,2026-01,2026-01-26,C00270-3,2026-03-27,66.8
C00270,Organic Search,2026-01,2026-01-26,C00270-4,2026-04-27,80.67
C00271,Organic Search,2026-04,2026-04-01,C00271-1,2026-04-01,143.0
C00272,Organic Search,2025-12,2025-12-25,C00272-1,2025-12-25,101.05
C00273,Organic Search,2026-02,2026-02-05,C00273-1,2026-02-05,103.7
C00273,Organic Search,2026-02,2026-02-05,C00273-2,2026-03-16,98.36
C00274,Organic Search,2026-04,2026-04-02,C00274-1,2026-04-02,78.7
C00275,Organic Search,2026-02,2026-02-10,C00275-1,2026-02-10,67.9
C00275,Organic Search,2026-02,2026-02-10,C00275-2,2026-03-26,115.41
C00276,Organic Search,2026-03,2026-03-28,C00276-1,2026-03-28,94.45
C00276,Organic Search,2026-03,2026-03-28,C00276-2,2026-04-30,101.89
C00276,Organic Search,2026-03,2026-03-28,C00276-3,2026-05-23,96.21
C00277,Organic Search,2026-01,2026-01-02,C00277-1,2026-01-02,77.63
C00277,Organic Search,2026-01,2026-01-02,C00277-2,2026-02-07,94.63
C00278,Organic Search,2026-04,2026-04-02,C00278-1,2026-04-02,99.89
C00278,Organic Search,2026-04,2026-04-02,C00278-2,2026-04-29,80.3
C00279,Organic Search,2025-12,2025-12-01,C00279-1,2025-12-01,104.16
C00279,Organic Search,2025-12,2025-12-01,C00279-2,2026-01-11,79.74
C00280,Organic Search,2025-12,2025-12-03,C00280-1,2025-12-03,69.43
C00280,Organic Search,2025-12,2025-12-03,C00280-2,2026-01-12,71.44
C00281,Organic Search,2026-03,2026-03-13,C00281-1,2026-03-13,64.49
C00282,Organic Search,2025-12,2025-12-03,C00282-1,2025-12-03,57.96
C00283,Organic Search,2026-05,2026-05-25,C00283-1,2026-05-25,70.19
C00284,Organic Search,2026-03,2026-03-14,C00284-1,2026-03-14,109.47
C00284,Organic Search,2026-03,2026-03-14,C00284-2,2026-05-04,90.43
C00285,Organic Search,2025-12,2025-12-18,C00285-1,2025-12-18,84.69
C00285,Organic Search,2025-12,2025-12-18,C00285-2,2026-02-02,92.46
C00285,Organic Search,2025-12,2025-12-18,C00285-3,2026-03-26,99.56
C00286,Organic Search,2026-05,2026-05-28,C00286-1,2026-05-28,79.96
C00287,Organic Search,2026-01,2026-01-06,C00287-1,2026-01-06,75.69
C00287,Organic Search,2026-01,2026-01-06,C00287-2,2026-02-27,59.21
C00288,Organic Search,2025-12,2025-12-10,C00288-1,2025-12-10,102.04
C00289,Organic Search,2026-03,2026-03-05,C00289-1,2026-03-05,80.43
C00290,Organic Search,2026-03,2026-03-12,C00290-1,2026-03-12,56.39
C00290,Organic Search,2026-03,2026-03-12,C00290-2,2026-04-23,64.19
C00291,Organic Search,2026-05,2026-05-01,C00291-1,2026-05-01,86.21
C00292,Organic Search,2026-04,2026-04-13,C00292-1,2026-04-13,72.16
C00293,Organic Search,2026-05,2026-05-03,C00293-1,2026-05-03,87.95
C00294,Organic Search,2026-03,2026-03-13,C00294-1,2026-03-13,87.79
C00294,Organic Search,2026-03,2026-03-13,C00294-2,2026-04-20,133.21
C00295,Organic Search,2026-03,2026-03-17,C00295-1,2026-03-17,63.27
C00296,Organic Search,2026-01,2026-01-08,C00296-1,2026-01-08,74.67
C00296,Organic Search,2026-01,2026-01-08,C00296-2,2026-01-22,104.11
C00296,Organic Search,2026-01,2026-01-08,C00296-3,2026-03-12,37.21
C00296,Organic Search,2026-01,2026-01-08,C00296-4,2026-04-20,66.3
C00296,Organic Search,2026-01,2026-01-08,C00296-5,2026-05-31,72.09
C00297,Organic Search,2026-03,2026-03-27,C00297-1,2026-03-27,124.68
C00298,Organic Search,2025-12,2025-12-06,C00298-1,2025-12-06,86.81
C00299,Organic Search,2026-05,2026-05-03,C00299-1,2026-05-03,90.8
C00300,Organic Search,2025-12,2025-12-09,C00300-1,2025-12-09,108.56
C00301,Organic Search,2026-03,2026-03-02,C00301-1,2026-03-02,81.49
C00301,Organic Search,2026-03,2026-03-02,C00301-2,2026-04-10,54.04
C00302,Organic Search,2026-02,2026-02-17,C00302-1,2026-02-17,57.63
C00302,Organic Search,2026-02,2026-02-17,C00302-2,2026-03-17,74.16
C00303,Organic Search,2025-12,2025-12-13,C00303-1,2025-12-13,96.57
C00303,Organic Search,2025-12,2025-12-13,C00303-2,2026-02-01,60.62
C00303,Organic Search,2025-12,2025-12-13,C00303-3,2026-03-15,75.51
C00304,Organic Search,2026-05,2026-05-10,C00304-1,2026-05-10,61.41
C00305,Organic Search,2026-03,2026-03-03,C00305-1,2026-03-03,43.57
C00305,Organic Search,2026-03,2026-03-03,C00305-2,2026-04-11,76.18
C00305,Organic Search,2026-03,2026-03-03,C00305-3,2026-05-12,97.19
C00306,Organic Search,2026-04,2026-04-26,C00306-1,2026-04-26,73.75
C00307,Organic Search,2026-03,2026-03-18,C00307-1,2026-03-18,124.06
C00307,Organic Search,2026-03,2026-03-18,C00307-2,2026-04-26,98.6
C00308,Organic Search,2026-03,2026-03-20,C00308-1,2026-03-20,83.43
C00308,Organic Search,2026-03,2026-03-20,C00308-2,2026-04-29,78.32
C00309,Organic Search,2026-04,2026-04-05,C00309-1,2026-04-05,55.31
C00309,Organic Search,2026-04,2026-04-05,C00309-2,2026-05-01,114.93
C00310,Organic Search,2026-02,2026-02-05,C00310-1,2026-02-05,68.36
C00310,Organic Search,2026-02,2026-02-05,C00310-2,2026-03-26,45.23
C00310,Organic Search,2026-02,2026-02-05,C00310-3,2026-05-11,87.16
C00311,Organic Search,2025-12,2025-12-10,C00311-1,2025-12-10,46.12
C00312,Organic Search,2026-04,2026-04-19,C00312-1,2026-04-19,94.64
C00313,Organic Search,2026-02,2026-02-26,C00313-1,2026-02-26,87.4
C00313,Organic Search,2026-02,2026-02-26,C00313-2,2026-04-10,121.83
C00314,Organic Search,2026-01,2026-01-16,C00314-1,2026-01-16,125.12
C00314,Organic Search,2026-01,2026-01-16,C00314-2,2026-02-26,113.96
C00314,Organic Search,2026-01,2026-01-16,C00314-3,2026-04-20,64.45
C00314,Organic Search,2026-01,2026-01-16,C00314-4,2026-05-24,126.75
C00315,Organic Search,2025-12,2025-12-10,C00315-1,2025-12-10,59.41
C00315,Organic Search,2025-12,2025-12-10,C00315-2,2026-01-19,143.07
C00315,Organic Search,2025-12,2025-12-10,C00315-3,2026-02-14,50.71
C00316,Organic Search,2026-03,2026-03-11,C00316-1,2026-03-11,90.06
C00316,Organic Search,2026-03,2026-03-11,C00316-2,2026-05-21,115.88
C00317,Organic Search,2026-04,2026-04-13,C00317-1,2026-04-13,64.59
C00318,Organic Search,2026-02,2026-02-09,C00318-1,2026-02-09,140.42
C00319,Organic Search,2026-02,2026-02-21,C00319-1,2026-02-21,100.03
C00320,Organic Search,2025-12,2025-12-19,C00320-1,2025-12-19,89.99
C00320,Organic Search,2025-12,2025-12-19,C00320-2,2026-01-14,84.2
C00320,Organic Search,2025-12,2025-12-19,C00320-3,2026-02-09,77.04
C00320,Organic Search,2025-12,2025-12-19,C00320-4,2026-03-22,57.21
C00321,Paid Search,2026-01,2026-01-11,C00321-1,2026-01-11,79.99
C00321,Paid Search,2026-01,2026-01-11,C00321-2,2026-01-18,65.86
C00321,Paid Search,2026-01,2026-01-11,C00321-3,2026-02-07,87.18
C00322,Paid Search,2026-04,2026-04-01,C00322-1,2026-04-01,108.5
C00322,Paid Search,2026-04,2026-04-01,C00322-2,2026-05-23,73.94
C00323,Paid Search,2026-01,2026-01-24,C00323-1,2026-01-24,55.6
C00323,Paid Search,2026-01,2026-01-24,C00323-2,2026-02-24,91.67
C00324,Paid Search,2026-04,2026-04-27,C00324-1,2026-04-27,102.71
C00325,Paid Search,2026-02,2026-02-01,C00325-1,2026-02-01,117.71
C00325,Paid Search,2026-02,2026-02-01,C00325-2,2026-03-10,71.63
C00326,Paid Search,2026-01,2026-01-06,C00326-1,2026-01-06,104.82
C00327,Paid Search,2026-04,2026-04-08,C00327-1,2026-04-08,88.37
C00327,Paid Search,2026-04,2026-04-08,C00327-2,2026-05-08,66.27
C00328,Paid Search,2026-02,2026-02-25,C00328-1,2026-02-25,88.29
C00328,Paid Search,2026-02,2026-02-25,C00328-2,2026-04-19,134.41
C00329,Paid Search,2026-05,2026-05-26,C00329-1,2026-05-26,80.24
C00330,Paid Search,2026-05,2026-05-18,C00330-1,2026-05-18,68.27
C00331,Paid Search,2026-02,2026-02-25,C00331-1,2026-02-25,71.39
C00332,Paid Search,2026-04,2026-04-21,C00332-1,2026-04-21,77.2
C00332,Paid Search,2026-04,2026-04-21,C00332-2,2026-05-04,82.49
C00333,Paid Search,2026-05,2026-05-20,C00333-1,2026-05-20,127.13
C00334,Paid Search,2025-12,2025-12-06,C00334-1,2025-12-06,122.38
C00334,Paid Search,2025-12,2025-12-06,C00334-2,2026-01-12,81.62
C00335,Paid Search,2026-01,2026-01-18,C00335-1,2026-01-18,61.44
C00336,Paid Search,2026-05,2026-05-22,C00336-1,2026-05-22,90.84
C00337,Paid Search,2026-02,2026-02-21,C00337-1,2026-02-21,79.64
C00337,Paid Search,2026-02,2026-02-21,C00337-2,2026-03-28,92.34
C00338,Paid Search,2026-04,2026-04-28,C00338-1,2026-04-28,72.74
C00338,Paid Search,2026-04,2026-04-28,C00338-2,2026-05-22,102.58
C00339,Paid Search,2026-02,2026-02-12,C00339-1,2026-02-12,68.11
C00340,Paid Search,2026-05,2026-05-26,C00340-1,2026-05-26,64.79
C00341,Paid Search,2025-12,2025-12-26,C00341-1,2025-12-26,73.03
C00342,Paid Search,2025-12,2025-12-16,C00342-1,2025-12-16,118.75
C00343,Paid Search,2025-12,2025-12-02,C00343-1,2025-12-02,76.0
C00344,Paid Search,2026-03,2026-03-22,C00344-1,2026-03-22,37.09
C00345,Paid Search,2026-03,2026-03-15,C00345-1,2026-03-15,70.14
C00345,Paid Search,2026-03,2026-03-15,C00345-2,2026-04-26,52.41
C00346,Paid Search,2026-02,2026-02-11,C00346-1,2026-02-11,45.34
C00347,Paid Search,2026-02,2026-02-19,C00347-1,2026-02-19,100.34
C00348,Paid Search,2026-05,2026-05-22,C00348-1,2026-05-22,72.28
C00349,Paid Search,2026-02,2026-02-28,C00349-1,2026-02-28,81.43
C00350,Paid Search,2026-03,2026-03-23,C00350-1,2026-03-23,76.66
C00350,Paid Search,2026-03,2026-03-23,C00350-2,2026-05-03,66.23
C00351,Paid Search,2026-04,2026-04-04,C00351-1,2026-04-04,78.31
C00352,Paid Search,2026-02,2026-02-21,C00352-1,2026-02-21,104.08
C00353,Paid Search,2026-03,2026-03-02,C00353-1,2026-03-02,49.13
C00353,Paid Search,2026-03,2026-03-02,C00353-2,2026-03-11,39.9
C00353,Paid Search,2026-03,2026-03-02,C00353-3,2026-04-29,104.05
C00354,Paid Search,2026-02,2026-02-24,C00354-1,2026-02-24,93.41
C00355,Paid Search,2026-01,2026-01-27,C00355-1,2026-01-27,98.9
C00355,Paid Search,2026-01,2026-01-27,C00355-2,2026-02-19,110.36
C00356,Paid Search,2026-04,2026-04-03,C00356-1,2026-04-03,42.66
C00357,Paid Search,2026-02,2026-02-08,C00357-1,2026-02-08,108.9
C00358,Paid Search,2025-12,2025-12-19,C00358-1,2025-12-19,101.2
C00359,Paid Search,2025-12,2025-12-02,C00359-1,2025-12-02,84.79
C00360,Paid Search,2025-12,2025-12-22,C00360-1,2025-12-22,72.77
C00360,Paid Search,2025-12,2025-12-22,C00360-2,2026-01-10,98.21
C00360,Paid Search,2025-12,2025-12-22,C00360-3,2026-02-15,68.08
C00361,Paid Search,2025-12,2025-12-03,C00361-1,2025-12-03,75.82
C00361,Paid Search,2025-12,2025-12-03,C00361-2,2026-01-12,75.93
C00362,Paid Search,2026-02,2026-02-23,C00362-1,2026-02-23,89.79
C00362,Paid Search,2026-02,2026-02-23,C00362-2,2026-03-02,86.35
C00363,Paid Search,2026-04,2026-04-04,C00363-1,2026-04-04,97.45
C00364,Paid Search,2026-05,2026-05-28,C00364-1,2026-05-28,77.58
C00365,Paid Search,2026-01,2026-01-07,C00365-1,2026-01-07,86.53
C00365,Paid Search,2026-01,2026-01-07,C00365-2,2026-02-24,96.14
C00366,Paid Search,2026-02,2026-02-07,C00366-1,2026-02-07,65.2
C00366,Paid Search,2026-02,2026-02-07,C00366-2,2026-02-22,95.49
C00366,Paid Search,2026-02,2026-02-07,C00366-3,2026-03-25,104.71
C00367,Paid Search,2026-04,2026-04-03,C00367-1,2026-04-03,80.99
C00367,Paid Search,2026-04,2026-04-03,C00367-2,2026-05-16,40.35
C00368,Paid Search,2026-04,2026-04-11,C00368-1,2026-04-11,79.94
C00368,Paid Search,2026-04,2026-04-11,C00368-2,2026-05-25,38.18
C00369,Paid Search,2026-02,2026-02-15,C00369-1,2026-02-15,65.19
C00370,Paid Search,2026-03,2026-03-18,C00370-1,2026-03-18,78.6
C00371,Paid Search,2026-01,2026-01-15,C00371-1,2026-01-15,95.62
C00372,Paid Search,2026-03,2026-03-27,C00372-1,2026-03-27,74.49
C00372,Paid Search,2026-03,2026-03-27,C00372-2,2026-04-10,22.94
C00372,Paid Search,2026-03,2026-03-27,C00372-3,2026-05-07,78.65
C00373,Paid Search,2026-05,2026-05-12,C00373-1,2026-05-12,86.25
C00374,Paid Search,2026-05,2026-05-11,C00374-1,2026-05-11,55.24
C00375,Paid Search,2025-12,2025-12-09,C00375-1,2025-12-09,51.93
C00376,Paid Search,2026-05,2026-05-09,C00376-1,2026-05-09,75.96
C00377,Paid Search,2026-03,2026-03-25,C00377-1,2026-03-25,96.27
C00377,Paid Search,2026-03,2026-03-25,C00377-2,2026-04-24,53.75
C00378,Paid Search,2026-04,2026-04-27,C00378-1,2026-04-27,53.98
C00379,Paid Search,2026-02,2026-02-14,C00379-1,2026-02-14,110.14
C00380,Paid Search,2026-03,2026-03-26,C00380-1,2026-03-26,95.8
C00381,Paid Search,2026-02,2026-02-25,C00381-1,2026-02-25,45.38
C00382,Paid Search,2026-03,2026-03-23,C00382-1,2026-03-23,66.75
C00383,Paid Search,2026-02,2026-02-05,C00383-1,2026-02-05,42.31
C00384,Paid Search,2026-02,2026-02-10,C00384-1,2026-02-10,89.27
C00385,Paid Search,2025-12,2025-12-20,C00385-1,2025-12-20,53.81
C00385,Paid Search,2025-12,2025-12-20,C00385-2,2026-02-11,67.08
C00385,Paid Search,2025-12,2025-12-20,C00385-3,2026-02-24,90.13
C00386,Paid Search,2026-03,2026-03-04,C00386-1,2026-03-04,96.56
C00387,Paid Search,2026-01,2026-01-15,C00387-1,2026-01-15,68.61
C00388,Paid Search,2026-02,2026-02-14,C00388-1,2026-02-14,71.59
C00389,Paid Search,2026-01,2026-01-25,C00389-1,2026-01-25,40.73
C00389,Paid Search,2026-01,2026-01-25,C00389-2,2026-03-08,84.08
C00389,Paid Search,2026-01,2026-01-25,C00389-3,2026-04-18,97.87
C00390,Paid Search,2025-12,2025-12-08,C00390-1,2025-12-08,67.93
C00391,Paid Search,2026-01,2026-01-09,C00391-1,2026-01-09,97.45
C00391,Paid Search,2026-01,2026-01-09,C00391-2,2026-02-21,73.97
C00391,Paid Search,2026-01,2026-01-09,C00391-3,2026-03-20,83.64
C00392,Paid Search,2026-05,2026-05-08,C00392-1,2026-05-08,94.93
C00393,Paid Search,2026-02,2026-02-13,C00393-1,2026-02-13,101.89
C00393,Paid Search,2026-02,2026-02-13,C00393-2,2026-03-19,128.73
C00394,Paid Search,2026-02,2026-02-10,C00394-1,2026-02-10,54.39
C00394,Paid Search,2026-02,2026-02-10,C00394-2,2026-03-08,71.16
C00395,Paid Search,2025-12,2025-12-24,C00395-1,2025-12-24,104.78
C00396,Paid Search,2025-12,2025-12-17,C00396-1,2025-12-17,71.31
C00396,Paid Search,2025-12,2025-12-17,C00396-2,2026-01-16,67.11
C00397,Paid Search,2026-04,2026-04-04,C00397-1,2026-04-04,25.38
C00398,Paid Search,2025-12,2025-12-27,C00398-1,2025-12-27,83.3
C00399,Paid Search,2026-01,2026-01-11,C00399-1,2026-01-11,76.94
C00400,Paid Search,2026-05,2026-05-22,C00400-1,2026-05-22,95.52
C00401,Paid Search,2026-04,2026-04-02,C00401-1,2026-04-02,51.44
C00402,Paid Search,2026-05,2026-05-24,C00402-1,2026-05-24,69.59
C00403,Paid Search,2026-03,2026-03-22,C00403-1,2026-03-22,71.78
C00403,Paid Search,2026-03,2026-03-22,C00403-2,2026-05-15,86.77
C00404,Paid Search,2026-03,2026-03-12,C00404-1,2026-03-12,100.39
C00405,Paid Search,2026-01,2026-01-04,C00405-1,2026-01-04,83.31
C00405,Paid Search,2026-01,2026-01-04,C00405-2,2026-02-20,96.36
C00406,Paid Search,2026-04,2026-04-23,C00406-1,2026-04-23,53.27
C00407,Paid Search,2026-02,2026-02-05,C00407-1,2026-02-05,109.33
C00408,Paid Search,2025-12,2025-12-23,C00408-1,2025-12-23,79.19
C00409,Paid Search,2026-03,2026-03-06,C00409-1,2026-03-06,101.07
C00409,Paid Search,2026-03,2026-03-06,C00409-2,2026-04-05,73.0
C00409,Paid Search,2026-03,2026-03-06,C00409-3,2026-05-13,103.83
C00410,Paid Search,2026-03,2026-03-26,C00410-1,2026-03-26,75.48
C00411,Paid Search,2025-12,2025-12-28,C00411-1,2025-12-28,41.48
C00411,Paid Search,2025-12,2025-12-28,C00411-2,2026-02-07,61.39
C00412,Paid Search,2026-02,2026-02-15,C00412-1,2026-02-15,55.7
C00413,Paid Search,2025-12,2025-12-25,C00413-1,2025-12-25,65.91
C00413,Paid Search,2025-12,2025-12-25,C00413-2,2026-01-22,64.79
C00414,Paid Search,2026-03,2026-03-22,C00414-1,2026-03-22,95.53
C00414,Paid Search,2026-03,2026-03-22,C00414-2,2026-04-26,115.32
C00415,Paid Search,2026-05,2026-05-23,C00415-1,2026-05-23,122.08
C00416,Paid Search,2025-12,2025-12-15,C00416-1,2025-12-15,62.26
C00416,Paid Search,2025-12,2025-12-15,C00416-2,2026-01-17,111.84
C00417,Paid Search,2026-02,2026-02-11,C00417-1,2026-02-11,60.6
C00418,Paid Search,2026-04,2026-04-27,C00418-1,2026-04-27,68.82
C00419,Paid Search,2026-01,2026-01-16,C00419-1,2026-01-16,55.46
C00419,Paid Search,2026-01,2026-01-16,C00419-2,2026-02-28,56.51
C00420,Paid Search,2026-03,2026-03-02,C00420-1,2026-03-02,76.53
C00421,Paid Search,2026-02,2026-02-24,C00421-1,2026-02-24,80.92
C00422,Paid Search,2026-04,2026-04-03,C00422-1,2026-04-03,27.82
C00422,Paid Search,2026-04,2026-04-03,C00422-2,2026-05-16,78.86
C00423,Paid Search,2026-03,2026-03-05,C00423-1,2026-03-05,77.85
C00423,Paid Search,2026-03,2026-03-05,C00423-2,2026-04-03,55.25
C00423,Paid Search,2026-03,2026-03-05,C00423-3,2026-05-21,79.12
C00424,Paid Search,2026-02,2026-02-06,C00424-1,2026-02-06,109.95
C00424,Paid Search,2026-02,2026-02-06,C00424-2,2026-04-01,60.16
C00425,Paid Search,2026-03,2026-03-11,C00425-1,2026-03-11,68.01
C00426,Paid Search,2026-01,2026-01-08,C00426-1,2026-01-08,58.84
C00426,Paid Search,2026-01,2026-01-08,C00426-2,2026-02-03,73.74
C00427,Paid Search,2026-01,2026-01-04,C00427-1,2026-01-04,119.69
C00428,Paid Search,2025-12,2025-12-12,C00428-1,2025-12-12,86.3
C00428,Paid Search,2025-12,2025-12-12,C00428-2,2026-01-11,93.98
C00429,Paid Search,2026-05,2026-05-24,C00429-1,2026-05-24,58.83
C00430,Paid Search,2026-02,2026-02-22,C00430-1,2026-02-22,90.86
C00431,Paid Search,2025-12,2025-12-08,C00431-1,2025-12-08,74.78
C00431,Paid Search,2025-12,2025-12-08,C00431-2,2025-12-28,86.63
C00432,Paid Search,2025-12,2025-12-14,C00432-1,2025-12-14,62.08
C00433,Paid Search,2026-04,2026-04-18,C00433-1,2026-04-18,108.0
C00434,Paid Search,2026-03,2026-03-27,C00434-1,2026-03-27,64.39
C00434,Paid Search,2026-03,2026-03-27,C00434-2,2026-04-09,115.13
C00435,Paid Search,2026-04,2026-04-11,C00435-1,2026-04-11,74.18
C00435,Paid Search,2026-04,2026-04-11,C00435-2,2026-05-22,91.74
C00436,Paid Search,2026-01,2026-01-07,C00436-1,2026-01-07,68.5
C00436,Paid Search,2026-01,2026-01-07,C00436-2,2026-01-26,82.96
C00437,Paid Search,2026-01,2026-01-26,C00437-1,2026-01-26,84.85
C00437,Paid Search,2026-01,2026-01-26,C00437-2,2026-03-09,99.97
C00437,Paid Search,2026-01,2026-01-26,C00437-3,2026-04-22,90.34
C00438,Paid Search,2026-03,2026-03-03,C00438-1,2026-03-03,76.85
C00439,Paid Search,2026-03,2026-03-05,C00439-1,2026-03-05,132.52
C00440,Paid Search,2026-04,2026-04-16,C00440-1,2026-04-16,58.67
C00441,Paid Search,2025-12,2025-12-19,C00441-1,2025-12-19,67.13
C00442,Paid Search,2026-03,2026-03-06,C00442-1,2026-03-06,51.95
C00443,Paid Search,2026-05,2026-05-03,C00443-1,2026-05-03,75.75
C00444,Paid Search,2026-03,2026-03-17,C00444-1,2026-03-17,90.37
C00445,Paid Search,2026-02,2026-02-13,C00445-1,2026-02-13,98.4
C00445,Paid Search,2026-02,2026-02-13,C00445-2,2026-03-16,104.09
C00445,Paid Search,2026-02,2026-02-13,C00445-3,2026-04-23,75.94
C00446,Paid Search,2026-01,2026-01-27,C00446-1,2026-01-27,97.21
C00446,Paid Search,2026-01,2026-01-27,C00446-2,2026-02-14,65.05
C00447,Paid Search,2025-12,2025-12-26,C00447-1,2025-12-26,53.04
C00448,Paid Search,2026-03,2026-03-23,C00448-1,2026-03-23,50.89
C00449,Paid Search,2026-01,2026-01-19,C00449-1,2026-01-19,44.48
C00450,Paid Search,2025-12,2025-12-07,C00450-1,2025-12-07,89.71
C00451,Paid Search,2026-01,2026-01-07,C00451-1,2026-01-07,88.26
C00451,Paid Search,2026-01,2026-01-07,C00451-2,2026-01-20,90.49
C00452,Paid Search,2026-01,2026-01-10,C00452-1,2026-01-10,94.6
C00452,Paid Search,2026-01,2026-01-10,C00452-2,2026-02-18,66.55
C00453,Paid Search,2026-02,2026-02-18,C00453-1,2026-02-18,87.55
C00453,Paid Search,2026-02,2026-02-18,C00453-2,2026-03-09,110.69
C00454,Paid Search,2026-03,2026-03-17,C00454-1,2026-03-17,93.65
C00455,Paid Search,2026-05,2026-05-19,C00455-1,2026-05-19,52.07
C00456,Paid Search,2026-04,2026-04-21,C00456-1,2026-04-21,69.78
C00457,Paid Search,2026-02,2026-02-10,C00457-1,2026-02-10,49.82
C00457,Paid Search,2026-02,2026-02-10,C00457-2,2026-04-06,73.64
C00458,Paid Search,2026-04,2026-04-15,C00458-1,2026-04-15,50.26
C00458,Paid Search,2026-04,2026-04-15,C00458-2,2026-05-29,76.35
C00459,Paid Search,2026-01,2026-01-05,C00459-1,2026-01-05,89.01
C00459,Paid Search,2026-01,2026-01-05,C00459-2,2026-02-07,73.31
C00460,Paid Search,2026-04,2026-04-08,C00460-1,2026-04-08,80.01
C00461,Paid Search,2026-03,2026-03-13,C00461-1,2026-03-13,73.94
C00461,Paid Search,2026-03,2026-03-13,C00461-2,2026-04-17,69.29
C00462,Paid Search,2026-04,2026-04-23,C00462-1,2026-04-23,92.13
C00462,Paid Search,2026-04,2026-04-23,C00462-2,2026-05-23,80.32
C00463,Paid Search,2025-12,2025-12-22,C00463-1,2025-12-22,48.78
C00463,Paid Search,2025-12,2025-12-22,C00463-2,2026-02-02,58.83
C00464,Paid Search,2026-01,2026-01-28,C00464-1,2026-01-28,88.38
C00465,Paid Search,2026-01,2026-01-28,C00465-1,2026-01-28,72.66
C00466,Paid Search,2026-01,2026-01-03,C00466-1,2026-01-03,85.59
C00467,Paid Search,2026-05,2026-05-23,C00467-1,2026-05-23,68.77
C00468,Paid Search,2026-04,2026-04-20,C00468-1,2026-04-20,75.0
C00469,Paid Search,2026-02,2026-02-24,C00469-1,2026-02-24,71.89
C00469,Paid Search,2026-02,2026-02-24,C00469-2,2026-03-28,75.32
C00470,Paid Search,2026-05,2026-05-15,C00470-1,2026-05-15,78.07
C00471,Paid Search,2025-12,2025-12-08,C00471-1,2025-12-08,32.21
C00471,Paid Search,2025-12,2025-12-08,C00471-2,2025-12-26,105.62
C00472,Paid Search,2026-03,2026-03-02,C00472-1,2026-03-02,124.66
C00472,Paid Search,2026-03,2026-03-02,C00472-2,2026-03-20,95.27
C00473,Paid Search,2026-02,2026-02-22,C00473-1,2026-02-22,72.3
C00473,Paid Search,2026-02,2026-02-22,C00473-2,2026-03-30,65.97
C00474,Paid Search,2026-02,2026-02-20,C00474-1,2026-02-20,91.91
C00474,Paid Search,2026-02,2026-02-20,C00474-2,2026-03-03,70.83
C00475,Paid Search,2026-04,2026-04-28,C00475-1,2026-04-28,62.07
C00476,Paid Search,2025-12,2025-12-14,C00476-1,2025-12-14,99.85
C00476,Paid Search,2025-12,2025-12-14,C00476-2,2026-01-07,65.31
C00477,Paid Search,2026-04,2026-04-18,C00477-1,2026-04-18,66.43
C00477,Paid Search,2026-04,2026-04-18,C00477-2,2026-05-27,75.85
C00478,Paid Search,2026-02,2026-02-25,C00478-1,2026-02-25,82.1
C00479,Paid Search,2026-03,2026-03-09,C00479-1,2026-03-09,49.45
C00479,Paid Search,2026-03,2026-03-09,C00479-2,2026-04-11,74.74
C00479,Paid Search,2026-03,2026-03-09,C00479-3,2026-05-18,93.98
C00480,Paid Search,2026-04,2026-04-11,C00480-1,2026-04-11,64.22
C00481,Paid Search,2026-05,2026-05-27,C00481-1,2026-05-27,45.02
C00482,Paid Search,2026-04,2026-04-25,C00482-1,2026-04-25,72.24
C00483,Paid Search,2025-12,2025-12-13,C00483-1,2025-12-13,54.87
C00483,Paid Search,2025-12,2025-12-13,C00483-2,2025-12-28,64.53
C00483,Paid Search,2025-12,2025-12-13,C00483-3,2026-01-30,57.96
C00484,Paid Search,2026-02,2026-02-27,C00484-1,2026-02-27,104.58
C00485,Paid Search,2026-02,2026-02-11,C00485-1,2026-02-11,87.19
C00486,Paid Search,2026-01,2026-01-21,C00486-1,2026-01-21,64.7
C00486,Paid Search,2026-01,2026-01-21,C00486-2,2026-02-23,67.87
C00487,Paid Search,2026-02,2026-02-17,C00487-1,2026-02-17,75.66
C00487,Paid Search,2026-02,2026-02-17,C00487-2,2026-03-13,101.35
C00488,Paid Search,2025-12,2025-12-22,C00488-1,2025-12-22,82.91
C00488,Paid Search,2025-12,2025-12-22,C00488-2,2026-01-24,73.11
C00488,Paid Search,2025-12,2025-12-22,C00488-3,2026-03-22,96.75
C00488,Paid Search,2025-12,2025-12-22,C00488-4,2026-05-01,113.93
C00489,Paid Search,2026-01,2026-01-03,C00489-1,2026-01-03,94.17
C00489,Paid Search,2026-01,2026-01-03,C00489-2,2026-02-03,84.57
C00490,Paid Search,2025-12,2025-12-07,C00490-1,2025-12-07,51.29
C00490,Paid Search,2025-12,2025-12-07,C00490-2,2026-01-14,97.41
C00491,Paid Search,2026-01,2026-01-24,C00491-1,2026-01-24,100.04
C00492,Paid Search,2025-12,2025-12-25,C00492-1,2025-12-25,78.61
C00492,Paid Search,2025-12,2025-12-25,C00492-2,2026-01-20,33.91
C00493,Paid Search,2026-01,2026-01-15,C00493-1,2026-01-15,99.95
C00494,Paid Search,2025-12,2025-12-18,C00494-1,2025-12-18,58.22
C00494,Paid Search,2025-12,2025-12-18,C00494-2,2026-01-20,68.96
C00494,Paid Search,2025-12,2025-12-18,C00494-3,2026-03-17,77.68
C00495,Paid Search,2025-12,2025-12-07,C00495-1,2025-12-07,65.15
C00496,Paid Search,2026-03,2026-03-05,C00496-1,2026-03-05,62.17
C00497,Paid Search,2026-02,2026-02-26,C00497-1,2026-02-26,27.78
C00498,Paid Search,2026-05,2026-05-02,C00498-1,2026-05-02,87.73
C00499,Paid Search,2026-05,2026-05-10,C00499-1,2026-05-10,67.08
C00500,Paid Search,2025-12,2025-12-11,C00500-1,2025-12-11,49.95
C00500,Paid Search,2025-12,2025-12-11,C00500-2,2026-01-13,24.52
C00501,Paid Search,2026-03,2026-03-24,C00501-1,2026-03-24,100.08
C00502,Paid Search,2026-02,2026-02-03,C00502-1,2026-02-03,134.03
C00503,Paid Search,2026-02,2026-02-16,C00503-1,2026-02-16,116.11
C00504,Paid Search,2026-02,2026-02-13,C00504-1,2026-02-13,88.81
C00504,Paid Search,2026-02,2026-02-13,C00504-2,2026-03-13,46.7
C00505,Paid Search,2026-04,2026-04-18,C00505-1,2026-04-18,84.22
C00506,Paid Search,2026-01,2026-01-20,C00506-1,2026-01-20,79.26
C00507,Paid Search,2026-04,2026-04-05,C00507-1,2026-04-05,86.22
C00508,Paid Search,2026-02,2026-02-06,C00508-1,2026-02-06,82.68
C00508,Paid Search,2026-02,2026-02-06,C00508-2,2026-03-16,74.78
C00509,Paid Search,2026-04,2026-04-27,C00509-1,2026-04-27,64.38
C00510,Paid Search,2026-01,2026-01-02,C00510-1,2026-01-02,64.27
C00511,Paid Search,2026-01,2026-01-07,C00511-1,2026-01-07,51.77
C00512,Paid Search,2026-04,2026-04-01,C00512-1,2026-04-01,66.52
C00512,Paid Search,2026-04,2026-04-01,C00512-2,2026-04-08,85.89
C00512,Paid Search,2026-04,2026-04-01,C00512-3,2026-05-12,94.04
C00513,Paid Search,2026-02,2026-02-13,C00513-1,2026-02-13,51.75
C00513,Paid Search,2026-02,2026-02-13,C00513-2,2026-03-22,100.43
C00514,Paid Search,2026-01,2026-01-19,C00514-1,2026-01-19,52.34
C00514,Paid Search,2026-01,2026-01-19,C00514-2,2026-02-14,110.88
C00515,Paid Search,2026-04,2026-04-17,C00515-1,2026-04-17,63.55
C00516,Paid Search,2026-01,2026-01-07,C00516-1,2026-01-07,113.94
C00516,Paid Search,2026-01,2026-01-07,C00516-2,2026-02-17,94.77
C00517,Paid Search,2025-12,2025-12-10,C00517-1,2025-12-10,102.82
C00517,Paid Search,2025-12,2025-12-10,C00517-2,2026-01-08,108.37
C00517,Paid Search,2025-12,2025-12-10,C00517-3,2026-01-31,90.12
C00518,Paid Search,2026-01,2026-01-24,C00518-1,2026-01-24,80.48
C00519,Paid Search,2026-03,2026-03-28,C00519-1,2026-03-28,112.9
C00520,Paid Search,2026-04,2026-04-16,C00520-1,2026-04-16,92.03
C00520,Paid Search,2026-04,2026-04-16,C00520-2,2026-05-09,77.98
C00521,Paid Search,2026-04,2026-04-09,C00521-1,2026-04-09,52.07
C00522,Paid Search,2026-02,2026-02-13,C00522-1,2026-02-13,52.4
C00523,Paid Search,2026-03,2026-03-10,C00523-1,2026-03-10,106.89
C00523,Paid Search,2026-03,2026-03-10,C00523-2,2026-04-12,82.26
C00524,Paid Search,2026-01,2026-01-01,C00524-1,2026-01-01,60.95
C00524,Paid Search,2026-01,2026-01-01,C00524-2,2026-02-05,61.01
C00524,Paid Search,2026-01,2026-01-01,C00524-3,2026-04-04,106.31
C00525,Paid Search,2026-03,2026-03-11,C00525-1,2026-03-11,77.43
C00526,Paid Search,2026-04,2026-04-06,C00526-1,2026-04-06,101.8
C00526,Paid Search,2026-04,2026-04-06,C00526-2,2026-04-23,81.38
C00527,Paid Search,2026-04,2026-04-01,C00527-1,2026-04-01,66.61
C00528,Paid Search,2026-02,2026-02-03,C00528-1,2026-02-03,82.9
C00529,Paid Search,2026-01,2026-01-04,C00529-1,2026-01-04,95.0
C00529,Paid Search,2026-01,2026-01-04,C00529-2,2026-01-30,54.58
C00530,Paid Search,2026-05,2026-05-25,C00530-1,2026-05-25,73.15
C00531,Direct,2026-05,2026-05-07,C00531-1,2026-05-07,73.34
C00532,Direct,2026-05,2026-05-06,C00532-1,2026-05-06,66.14
C00533,Direct,2026-02,2026-02-06,C00533-1,2026-02-06,76.01
C00533,Direct,2026-02,2026-02-06,C00533-2,2026-03-13,98.88
C00533,Direct,2026-02,2026-02-06,C00533-3,2026-04-21,86.73
C00534,Direct,2026-01,2026-01-25,C00534-1,2026-01-25,50.02
C00535,Direct,2026-01,2026-01-26,C00535-1,2026-01-26,59.35
C00536,Direct,2026-04,2026-04-15,C00536-1,2026-04-15,50.09
C00537,Direct,2026-03,2026-03-26,C00537-1,2026-03-26,69.45
C00538,Direct,2026-04,2026-04-04,C00538-1,2026-04-04,59.82
C00539,Direct,2026-05,2026-05-18,C00539-1,2026-05-18,41.28
C00540,Direct,2026-01,2026-01-12,C00540-1,2026-01-12,64.35
C00540,Direct,2026-01,2026-01-12,C00540-2,2026-03-07,87.24
C00541,Direct,2026-02,2026-02-04,C00541-1,2026-02-04,61.18
C00542,Direct,2025-12,2025-12-12,C00542-1,2025-12-12,57.45
C00543,Direct,2026-05,2026-05-22,C00543-1,2026-05-22,99.56
C00544,Direct,2026-02,2026-02-15,C00544-1,2026-02-15,75.05
C00545,Direct,2026-02,2026-02-18,C00545-1,2026-02-18,114.22
C00546,Direct,2026-01,2026-01-27,C00546-1,2026-01-27,77.84
C00546,Direct,2026-01,2026-01-27,C00546-2,2026-02-23,78.55
C00547,Direct,2026-05,2026-05-22,C00547-1,2026-05-22,84.78
C00547,Direct,2026-05,2026-05-22,C00547-2,2026-05-31,50.44
C00548,Direct,2026-03,2026-03-21,C00548-1,2026-03-21,108.77
C00549,Direct,2026-05,2026-05-25,C00549-1,2026-05-25,73.84
C00550,Direct,2026-01,2026-01-09,C00550-1,2026-01-09,103.34
C00550,Direct,2026-01,2026-01-09,C00550-2,2026-02-18,122.93
C00550,Direct,2026-01,2026-01-09,C00550-3,2026-04-01,79.33
C00551,Direct,2026-02,2026-02-11,C00551-1,2026-02-11,87.29
C00552,Direct,2025-12,2025-12-16,C00552-1,2025-12-16,80.63
C00553,Direct,2026-01,2026-01-01,C00553-1,2026-01-01,115.33
C00554,Direct,2026-01,2026-01-09,C00554-1,2026-01-09,89.26
C00555,Direct,2026-02,2026-02-02,C00555-1,2026-02-02,102.88
C00556,Direct,2025-12,2025-12-12,C00556-1,2025-12-12,97.26
C00557,Direct,2026-01,2026-01-13,C00557-1,2026-01-13,82.22
C00557,Direct,2026-01,2026-01-13,C00557-2,2026-02-18,100.93
C00557,Direct,2026-01,2026-01-13,C00557-3,2026-04-08,44.23
C00558,Direct,2026-01,2026-01-10,C00558-1,2026-01-10,97.24
C00558,Direct,2026-01,2026-01-10,C00558-2,2026-02-14,95.1
C00559,Direct,2026-03,2026-03-05,C00559-1,2026-03-05,108.54
C00559,Direct,2026-03,2026-03-05,C00559-2,2026-04-12,60.85
C00560,Direct,2026-05,2026-05-25,C00560-1,2026-05-25,39.99
C00561,Direct,2026-02,2026-02-21,C00561-1,2026-02-21,114.89
C00561,Direct,2026-02,2026-02-21,C00561-2,2026-03-23,84.82
C00562,Direct,2026-05,2026-05-07,C00562-1,2026-05-07,53.48
C00563,Direct,2026-01,2026-01-21,C00563-1,2026-01-21,59.24
C00564,Direct,2025-12,2025-12-04,C00564-1,2025-12-04,89.26
C00565,Direct,2025-12,2025-12-10,C00565-1,2025-12-10,94.53
C00565,Direct,2025-12,2025-12-10,C00565-2,2026-01-03,90.01
C00566,Direct,2026-04,2026-04-10,C00566-1,2026-04-10,90.51
C00566,Direct,2026-04,2026-04-10,C00566-2,2026-05-05,85.55
C00567,Direct,2026-05,2026-05-26,C00567-1,2026-05-26,34.98
C00568,Direct,2026-02,2026-02-25,C00568-1,2026-02-25,82.08
C00569,Direct,2026-04,2026-04-28,C00569-1,2026-04-28,75.21
C00570,Direct,2026-04,2026-04-09,C00570-1,2026-04-09,68.58
C00571,Direct,2026-05,2026-05-15,C00571-1,2026-05-15,52.04
C00572,Direct,2026-03,2026-03-03,C00572-1,2026-03-03,66.29
C00572,Direct,2026-03,2026-03-03,C00572-2,2026-04-05,108.61
C00572,Direct,2026-03,2026-03-03,C00572-3,2026-04-12,82.08
C00573,Direct,2026-03,2026-03-25,C00573-1,2026-03-25,71.58
C00573,Direct,2026-03,2026-03-25,C00573-2,2026-04-30,147.81
C00574,Direct,2026-01,2026-01-17,C00574-1,2026-01-17,86.07
C00574,Direct,2026-01,2026-01-17,C00574-2,2026-02-26,80.34
C00575,Direct,2026-03,2026-03-06,C00575-1,2026-03-06,5.49
C00576,Direct,2026-01,2026-01-11,C00576-1,2026-01-11,107.79
C00576,Direct,2026-01,2026-01-11,C00576-2,2026-01-21,67.77
C00577,Direct,2026-03,2026-03-02,C00577-1,2026-03-02,95.6
C00578,Direct,2025-12,2025-12-17,C00578-1,2025-12-17,86.46
C00579,Direct,2026-02,2026-02-27,C00579-1,2026-02-27,95.07
C00580,Direct,2026-01,2026-01-22,C00580-1,2026-01-22,83.41
C00581,Direct,2026-05,2026-05-02,C00581-1,2026-05-02,72.06
C00581,Direct,2026-05,2026-05-02,C00581-2,2026-05-16,90.43
C00582,Direct,2026-02,2026-02-10,C00582-1,2026-02-10,44.36
C00582,Direct,2026-02,2026-02-10,C00582-2,2026-03-13,105.92
C00583,Direct,2026-03,2026-03-26,C00583-1,2026-03-26,78.79
C00583,Direct,2026-03,2026-03-26,C00583-2,2026-04-24,69.7
C00584,Direct,2026-04,2026-04-24,C00584-1,2026-04-24,92.56
C00585,Direct,2026-05,2026-05-09,C00585-1,2026-05-09,89.55
C00586,Direct,2026-01,2026-01-10,C00586-1,2026-01-10,107.69
C00587,Direct,2026-04,2026-04-24,C00587-1,2026-04-24,84.84
C00588,Direct,2026-03,2026-03-28,C00588-1,2026-03-28,49.44
C00589,Direct,2026-03,2026-03-12,C00589-1,2026-03-12,60.79
C00589,Direct,2026-03,2026-03-12,C00589-2,2026-04-18,68.66
C00590,Direct,2026-02,2026-02-06,C00590-1,2026-02-06,37.59
C00590,Direct,2026-02,2026-02-06,C00590-2,2026-03-29,91.07
C00591,Direct,2026-03,2026-03-09,C00591-1,2026-03-09,64.17
C00592,Direct,2026-04,2026-04-08,C00592-1,2026-04-08,68.92
C00592,Direct,2026-04,2026-04-08,C00592-2,2026-05-14,78.95
C00593,Direct,2026-01,2026-01-08,C00593-1,2026-01-08,77.45
C00594,Direct,2026-04,2026-04-08,C00594-1,2026-04-08,50.89
C00595,Direct,2026-04,2026-04-20,C00595-1,2026-04-20,121.42
C00596,Direct,2026-03,2026-03-21,C00596-1,2026-03-21,104.29
C00596,Direct,2026-03,2026-03-21,C00596-2,2026-04-27,114.19
C00597,Direct,2026-05,2026-05-24,C00597-1,2026-05-24,75.29
C00598,Direct,2026-01,2026-01-17,C00598-1,2026-01-17,89.72
C00598,Direct,2026-01,2026-01-17,C00598-2,2026-03-02,87.73
C00598,Direct,2026-01,2026-01-17,C00598-3,2026-04-05,71.92
C00599,Direct,2026-04,2026-04-22,C00599-1,2026-04-22,109.22
C00599,Direct,2026-04,2026-04-22,C00599-2,2026-05-18,52.82
C00600,Direct,2026-05,2026-05-18,C00600-1,2026-05-18,78.86
C00601,Direct,2026-03,2026-03-23,C00601-1,2026-03-23,66.47
C00602,Direct,2026-01,2026-01-17,C00602-1,2026-01-17,110.73
C00603,Direct,2026-01,2026-01-02,C00603-1,2026-01-02,106.85
C00604,Direct,2026-02,2026-02-01,C00604-1,2026-02-01,117.85
C00604,Direct,2026-02,2026-02-01,C00604-2,2026-02-24,100.52
C00604,Direct,2026-02,2026-02-01,C00604-3,2026-04-02,104.27
C00605,Direct,2026-05,2026-05-15,C00605-1,2026-05-15,54.48
C00606,Direct,2026-03,2026-03-19,C00606-1,2026-03-19,130.58
C00607,Direct,2025-12,2025-12-15,C00607-1,2025-12-15,53.64
C00607,Direct,2025-12,2025-12-15,C00607-2,2026-01-22,36.25
C00608,Direct,2025-12,2025-12-16,C00608-1,2025-12-16,107.06
C00608,Direct,2025-12,2025-12-16,C00608-2,2026-01-24,111.61
C00608,Direct,2025-12,2025-12-16,C00608-3,2026-02-13,81.55
C00609,Direct,2026-05,2026-05-06,C00609-1,2026-05-06,66.45
C00610,Direct,2026-03,2026-03-05,C00610-1,2026-03-05,110.8
C00611,Direct,2026-01,2026-01-18,C00611-1,2026-01-18,83.0
C00612,Direct,2026-04,2026-04-21,C00612-1,2026-04-21,42.05
C00613,Direct,2026-01,2026-01-03,C00613-1,2026-01-03,76.75
C00613,Direct,2026-01,2026-01-03,C00613-2,2026-02-18,70.8
C00614,Direct,2026-05,2026-05-12,C00614-1,2026-05-12,110.64
C00615,Direct,2025-12,2025-12-07,C00615-1,2025-12-07,49.74
C00616,Direct,2026-03,2026-03-27,C00616-1,2026-03-27,80.34
C00616,Direct,2026-03,2026-03-27,C00616-2,2026-04-22,88.55
C00616,Direct,2026-03,2026-03-27,C00616-3,2026-05-13,109.94
C00617,Direct,2026-01,2026-01-21,C00617-1,2026-01-21,92.27
C00618,Direct,2025-12,2025-12-05,C00618-1,2025-12-05,59.85
C00619,Direct,2026-01,2026-01-17,C00619-1,2026-01-17,135.37
C00619,Direct,2026-01,2026-01-17,C00619-2,2026-02-22,100.71
C00620,Direct,2026-03,2026-03-18,C00620-1,2026-03-18,77.29
C00620,Direct,2026-03,2026-03-18,C00620-2,2026-04-09,111.99
C00621,Paid Social,2026-03,2026-03-20,C00621-1,2026-03-20,80.81
C00622,Paid Social,2026-01,2026-01-09,C00622-1,2026-01-09,66.5
C00623,Paid Social,2026-03,2026-03-08,C00623-1,2026-03-08,69.98
C00624,Paid Social,2026-05,2026-05-14,C00624-1,2026-05-14,38.05
C00625,Paid Social,2026-03,2026-03-15,C00625-1,2026-03-15,57.0
C00626,Paid Social,2026-02,2026-02-02,C00626-1,2026-02-02,68.66
C00627,Paid Social,2026-01,2026-01-12,C00627-1,2026-01-12,51.08
C00628,Paid Social,2026-03,2026-03-01,C00628-1,2026-03-01,64.44
C00629,Paid Social,2026-05,2026-05-18,C00629-1,2026-05-18,76.78
C00630,Paid Social,2026-05,2026-05-04,C00630-1,2026-05-04,59.87
C00631,Paid Social,2026-05,2026-05-07,C00631-1,2026-05-07,65.19
C00632,Paid Social,2025-12,2025-12-16,C00632-1,2025-12-16,83.04
C00633,Paid Social,2026-04,2026-04-13,C00633-1,2026-04-13,67.37
C00633,Paid Social,2026-04,2026-04-13,C00633-2,2026-05-29,51.15
C00634,Paid Social,2026-03,2026-03-23,C00634-1,2026-03-23,84.7
C00635,Paid Social,2026-01,2026-01-11,C00635-1,2026-01-11,82.61
C00636,Paid Social,2026-04,2026-04-15,C00636-1,2026-04-15,62.84
C00637,Paid Social,2025-12,2025-12-11,C00637-1,2025-12-11,59.47
C00638,Paid Social,2026-02,2026-02-23,C00638-1,2026-02-23,62.5
C00639,Paid Social,2025-12,2025-12-17,C00639-1,2025-12-17,101.37
C00639,Paid Social,2025-12,2025-12-17,C00639-2,2026-01-21,93.96
C00640,Paid Social,2026-02,2026-02-19,C00640-1,2026-02-19,62.92
C00640,Paid Social,2026-02,2026-02-19,C00640-2,2026-03-22,78.14
C00641,Paid Social,2025-12,2025-12-13,C00641-1,2025-12-13,49.34
C00641,Paid Social,2025-12,2025-12-13,C00641-2,2026-01-09,72.77
C00642,Paid Social,2026-02,2026-02-21,C00642-1,2026-02-21,89.13
C00643,Paid Social,2026-05,2026-05-18,C00643-1,2026-05-18,39.28
C00644,Paid Social,2025-12,2025-12-07,C00644-1,2025-12-07,66.63
C00645,Paid Social,2026-02,2026-02-13,C00645-1,2026-02-13,78.7
C00646,Paid Social,2026-02,2026-02-17,C00646-1,2026-02-17,64.11
C00647,Paid Social,2026-01,2026-01-28,C00647-1,2026-01-28,34.23
C00648,Paid Social,2026-02,2026-02-20,C00648-1,2026-02-20,88.78
C00649,Paid Social,2025-12,2025-12-01,C00649-1,2025-12-01,61.41
C00649,Paid Social,2025-12,2025-12-01,C00649-2,2025-12-28,76.8
C00650,Paid Social,2025-12,2025-12-18,C00650-1,2025-12-18,65.5
C00650,Paid Social,2025-12,2025-12-18,C00650-2,2026-01-20,77.86
C00650,Paid Social,2025-12,2025-12-18,C00650-3,2026-03-03,56.05
C00651,Paid Social,2026-05,2026-05-19,C00651-1,2026-05-19,71.62
C00652,Paid Social,2025-12,2025-12-26,C00652-1,2025-12-26,58.65
C00652,Paid Social,2025-12,2025-12-26,C00652-2,2026-01-29,66.16
C00652,Paid Social,2025-12,2025-12-26,C00652-3,2026-02-25,58.96
C00653,Paid Social,2026-01,2026-01-22,C00653-1,2026-01-22,71.86
C00654,Paid Social,2026-01,2026-01-24,C00654-1,2026-01-24,62.99
C00655,Paid Social,2026-03,2026-03-22,C00655-1,2026-03-22,109.11
C00656,Paid Social,2026-03,2026-03-07,C00656-1,2026-03-07,43.25
C00656,Paid Social,2026-03,2026-03-07,C00656-2,2026-03-23,92.21
C00657,Paid Social,2026-05,2026-05-22,C00657-1,2026-05-22,35.61
C00658,Paid Social,2026-02,2026-02-22,C00658-1,2026-02-22,51.17
C00659,Paid Social,2026-03,2026-03-15,C00659-1,2026-03-15,83.15
C00660,Paid Social,2026-04,2026-04-19,C00660-1,2026-04-19,77.19
C00661,Paid Social,2026-03,2026-03-10,C00661-1,2026-03-10,65.16
C00662,Paid Social,2026-03,2026-03-20,C00662-1,2026-03-20,76.19
C00663,Paid Social,2026-05,2026-05-02,C00663-1,2026-05-02,82.6
C00664,Paid Social,2026-05,2026-05-02,C00664-1,2026-05-02,49.54
C00665,Paid Social,2026-02,2026-02-23,C00665-1,2026-02-23,73.72
C00666,Paid Social,2026-01,2026-01-26,C00666-1,2026-01-26,97.07
C00667,Paid Social,2026-02,2026-02-11,C00667-1,2026-02-11,42.92
C00668,Paid Social,2026-04,2026-04-15,C00668-1,2026-04-15,62.89
C00668,Paid Social,2026-04,2026-04-15,C00668-2,2026-05-18,99.23
C00669,Paid Social,2026-02,2026-02-15,C00669-1,2026-02-15,65.0
C00670,Paid Social,2026-05,2026-05-04,C00670-1,2026-05-04,78.53
C00671,Paid Social,2025-12,2025-12-15,C00671-1,2025-12-15,43.27
C00672,Paid Social,2026-03,2026-03-27,C00672-1,2026-03-27,72.56
C00672,Paid Social,2026-03,2026-03-27,C00672-2,2026-04-18,71.2
C00673,Paid Social,2026-01,2026-01-21,C00673-1,2026-01-21,51.28
C00673,Paid Social,2026-01,2026-01-21,C00673-2,2026-02-19,55.89
C00674,Paid Social,2026-03,2026-03-27,C00674-1,2026-03-27,72.4
C00674,Paid Social,2026-03,2026-03-27,C00674-2,2026-05-23,74.71
C00675,Paid Social,2026-01,2026-01-12,C00675-1,2026-01-12,58.5
C00676,Paid Social,2026-02,2026-02-09,C00676-1,2026-02-09,28.57
C00677,Paid Social,2025-12,2025-12-20,C00677-1,2025-12-20,59.46
C00678,Paid Social,2025-12,2025-12-20,C00678-1,2025-12-20,92.0
C00678,Paid Social,2025-12,2025-12-20,C00678-2,2026-01-25,70.84
C00679,Paid Social,2026-01,2026-01-27,C00679-1,2026-01-27,67.09
C00680,Paid Social,2025-12,2025-12-01,C00680-1,2025-12-01,71.67
C00681,Paid Social,2026-04,2026-04-11,C00681-1,2026-04-11,73.94
C00681,Paid Social,2026-04,2026-04-11,C00681-2,2026-05-31,63.73
C00682,Paid Social,2026-04,2026-04-24,C00682-1,2026-04-24,53.68
C00683,Paid Social,2025-12,2025-12-14,C00683-1,2025-12-14,48.86
C00683,Paid Social,2025-12,2025-12-14,C00683-2,2026-01-07,92.35
C00684,Paid Social,2026-02,2026-02-10,C00684-1,2026-02-10,40.82
C00685,Paid Social,2026-02,2026-02-01,C00685-1,2026-02-01,50.29
C00686,Paid Social,2025-12,2025-12-12,C00686-1,2025-12-12,49.11
C00686,Paid Social,2025-12,2025-12-12,C00686-2,2026-01-12,73.42
C00687,Paid Social,2026-05,2026-05-12,C00687-1,2026-05-12,64.36
C00688,Paid Social,2026-05,2026-05-05,C00688-1,2026-05-05,89.92
C00689,Paid Social,2026-04,2026-04-07,C00689-1,2026-04-07,73.6
C00689,Paid Social,2026-04,2026-04-07,C00689-2,2026-05-15,65.49
C00690,Paid Social,2026-02,2026-02-17,C00690-1,2026-02-17,47.01
C00690,Paid Social,2026-02,2026-02-17,C00690-2,2026-03-17,91.47
C00690,Paid Social,2026-02,2026-02-17,C00690-3,2026-04-24,71.43
C00691,Paid Social,2026-03,2026-03-09,C00691-1,2026-03-09,79.82
C00692,Paid Social,2026-02,2026-02-19,C00692-1,2026-02-19,66.2
C00693,Paid Social,2026-02,2026-02-16,C00693-1,2026-02-16,65.37
C00694,Paid Social,2026-04,2026-04-13,C00694-1,2026-04-13,22.95
C00694,Paid Social,2026-04,2026-04-13,C00694-2,2026-04-30,70.78
C00695,Paid Social,2026-01,2026-01-15,C00695-1,2026-01-15,70.56
C00696,Paid Social,2026-03,2026-03-08,C00696-1,2026-03-08,99.26
C00697,Paid Social,2025-12,2025-12-07,C00697-1,2025-12-07,41.46
C00698,Paid Social,2026-03,2026-03-23,C00698-1,2026-03-23,84.92
C00699,Paid Social,2026-03,2026-03-08,C00699-1,2026-03-08,72.19
C00700,Paid Social,2026-05,2026-05-27,C00700-1,2026-05-27,70.82
C00701,Paid Social,2026-05,2026-05-21,C00701-1,2026-05-21,66.37
C00702,Paid Social,2026-04,2026-04-07,C00702-1,2026-04-07,85.68
C00703,Paid Social,2026-04,2026-04-14,C00703-1,2026-04-14,38.08
C00704,Paid Social,2026-05,2026-05-03,C00704-1,2026-05-03,63.19
C00705,Paid Social,2026-03,2026-03-06,C00705-1,2026-03-06,94.45
C00705,Paid Social,2026-03,2026-03-06,C00705-2,2026-04-18,67.04
C00706,Paid Social,2026-04,2026-04-26,C00706-1,2026-04-26,53.61
C00707,Paid Social,2026-02,2026-02-03,C00707-1,2026-02-03,72.7
C00708,Paid Social,2026-01,2026-01-10,C00708-1,2026-01-10,49.62
C00709,Paid Social,2026-01,2026-01-09,C00709-1,2026-01-09,55.98
C00710,Paid Social,2025-12,2025-12-14,C00710-1,2025-12-14,51.1
C00711,Paid Social,2026-05,2026-05-01,C00711-1,2026-05-01,77.76
C00712,Paid Social,2026-02,2026-02-01,C00712-1,2026-02-01,42.34
C00713,Paid Social,2026-05,2026-05-10,C00713-1,2026-05-10,83.84
C00714,Paid Social,2026-02,2026-02-13,C00714-1,2026-02-13,92.28
C00715,Paid Social,2026-05,2026-05-20,C00715-1,2026-05-20,40.62
C00716,Paid Social,2026-01,2026-01-22,C00716-1,2026-01-22,45.06
C00717,Paid Social,2026-01,2026-01-18,C00717-1,2026-01-18,71.98
C00717,Paid Social,2026-01,2026-01-18,C00717-2,2026-03-20,70.88
C00718,Paid Social,2026-01,2026-01-01,C00718-1,2026-01-01,68.94
C00719,Paid Social,2026-01,2026-01-27,C00719-1,2026-01-27,36.43
C00720,Paid Social,2025-12,2025-12-24,C00720-1,2025-12-24,110.81
C00721,Paid Social,2026-04,2026-04-22,C00721-1,2026-04-22,71.36
C00721,Paid Social,2026-04,2026-04-22,C00721-2,2026-05-14,103.27
C00722,Paid Social,2026-03,2026-03-27,C00722-1,2026-03-27,46.37
C00722,Paid Social,2026-03,2026-03-27,C00722-2,2026-04-29,67.46
C00723,Paid Social,2026-01,2026-01-16,C00723-1,2026-01-16,89.97
C00723,Paid Social,2026-01,2026-01-16,C00723-2,2026-02-26,70.54
C00723,Paid Social,2026-01,2026-01-16,C00723-3,2026-03-05,97.0
C00724,Paid Social,2026-01,2026-01-19,C00724-1,2026-01-19,54.78
C00725,Paid Social,2025-12,2025-12-21,C00725-1,2025-12-21,42.61
C00726,Paid Social,2026-01,2026-01-25,C00726-1,2026-01-25,34.17
C00726,Paid Social,2026-01,2026-01-25,C00726-2,2026-02-15,15.0
C00727,Paid Social,2026-05,2026-05-28,C00727-1,2026-05-28,75.05
C00728,Paid Social,2026-04,2026-04-21,C00728-1,2026-04-21,96.36
C00729,Paid Social,2026-05,2026-05-11,C00729-1,2026-05-11,69.78
C00730,Paid Social,2026-02,2026-02-06,C00730-1,2026-02-06,84.49
C00731,Paid Social,2026-05,2026-05-15,C00731-1,2026-05-15,77.4
C00732,Paid Social,2026-01,2026-01-15,C00732-1,2026-01-15,58.53
C00733,Paid Social,2026-02,2026-02-22,C00733-1,2026-02-22,69.96
C00733,Paid Social,2026-02,2026-02-22,C00733-2,2026-04-03,79.91
C00734,Paid Social,2026-05,2026-05-06,C00734-1,2026-05-06,74.37
C00735,Paid Social,2026-01,2026-01-24,C00735-1,2026-01-24,50.64
C00736,Paid Social,2026-01,2026-01-03,C00736-1,2026-01-03,108.6
C00737,Paid Social,2026-01,2026-01-27,C00737-1,2026-01-27,71.46
C00737,Paid Social,2026-01,2026-01-27,C00737-2,2026-03-14,81.02
C00738,Paid Social,2026-01,2026-01-28,C00738-1,2026-01-28,49.01
C00739,Paid Social,2026-03,2026-03-21,C00739-1,2026-03-21,90.76
C00740,Paid Social,2026-01,2026-01-10,C00740-1,2026-01-10,96.1
C00741,Paid Social,2026-04,2026-04-11,C00741-1,2026-04-11,44.85
C00742,Paid Social,2026-04,2026-04-20,C00742-1,2026-04-20,69.09
C00743,Paid Social,2026-02,2026-02-13,C00743-1,2026-02-13,58.76
C00743,Paid Social,2026-02,2026-02-13,C00743-2,2026-03-21,54.79
C00744,Paid Social,2026-04,2026-04-24,C00744-1,2026-04-24,67.98
C00744,Paid Social,2026-04,2026-04-24,C00744-2,2026-05-24,70.11
C00745,Paid Social,2026-02,2026-02-27,C00745-1,2026-02-27,82.51
C00746,Paid Social,2026-02,2026-02-04,C00746-1,2026-02-04,58.24
C00747,Paid Social,2026-03,2026-03-03,C00747-1,2026-03-03,53.17
C00748,Paid Social,2025-12,2025-12-16,C00748-1,2025-12-16,78.76
C00748,Paid Social,2025-12,2025-12-16,C00748-2,2026-01-18,64.76
C00749,Paid Social,2026-04,2026-04-15,C00749-1,2026-04-15,23.02
C00749,Paid Social,2026-04,2026-04-15,C00749-2,2026-05-19,35.94
C00750,Paid Social,2026-05,2026-05-17,C00750-1,2026-05-17,66.98
C00751,Paid Social,2026-04,2026-04-22,C00751-1,2026-04-22,55.18
C00752,Paid Social,2026-05,2026-05-01,C00752-1,2026-05-01,75.8
C00753,Paid Social,2025-12,2025-12-11,C00753-1,2025-12-11,84.52
C00754,Paid Social,2026-02,2026-02-08,C00754-1,2026-02-08,61.43
C00755,Paid Social,2026-04,2026-04-09,C00755-1,2026-04-09,76.8
C00756,Paid Social,2025-12,2025-12-27,C00756-1,2025-12-27,35.22
C00757,Paid Social,2026-05,2026-05-25,C00757-1,2026-05-25,82.5
C00758,Paid Social,2026-05,2026-05-13,C00758-1,2026-05-13,73.56
C00759,Paid Social,2025-12,2025-12-10,C00759-1,2025-12-10,74.06
C00760,Paid Social,2026-02,2026-02-27,C00760-1,2026-02-27,72.46
C00760,Paid Social,2026-02,2026-02-27,C00760-2,2026-03-17,62.02
C00761,Paid Social,2026-05,2026-05-16,C00761-1,2026-05-16,79.44
C00762,Paid Social,2026-04,2026-04-06,C00762-1,2026-04-06,85.18
C00763,Paid Social,2025-12,2025-12-19,C00763-1,2025-12-19,86.49
C00764,Paid Social,2026-01,2026-01-16,C00764-1,2026-01-16,66.05
C00765,Paid Social,2026-05,2026-05-13,C00765-1,2026-05-13,36.72
C00766,Paid Social,2026-04,2026-04-19,C00766-1,2026-04-19,72.62
C00766,Paid Social,2026-04,2026-04-19,C00766-2,2026-05-13,63.98
C00767,Paid Social,2026-03,2026-03-21,C00767-1,2026-03-21,62.08
C00768,Paid Social,2026-02,2026-02-11,C00768-1,2026-02-11,92.6
C00769,Paid Social,2026-02,2026-02-27,C00769-1,2026-02-27,62.47
C00770,Paid Social,2026-04,2026-04-20,C00770-1,2026-04-20,74.65
C00771,Paid Social,2026-03,2026-03-12,C00771-1,2026-03-12,77.26
C00772,Paid Social,2025-12,2025-12-14,C00772-1,2025-12-14,79.23
C00773,Paid Social,2026-03,2026-03-15,C00773-1,2026-03-15,63.36
C00774,Paid Social,2026-04,2026-04-16,C00774-1,2026-04-16,90.9
C00775,Paid Social,2026-02,2026-02-25,C00775-1,2026-02-25,68.11
C00776,Paid Social,2026-04,2026-04-14,C00776-1,2026-04-14,70.07
C00777,Paid Social,2026-04,2026-04-25,C00777-1,2026-04-25,45.82
C00778,Paid Social,2026-03,2026-03-07,C00778-1,2026-03-07,64.69
C00778,Paid Social,2026-03,2026-03-07,C00778-2,2026-03-20,72.02
C00779,Paid Social,2025-12,2025-12-28,C00779-1,2025-12-28,80.44
C00780,Paid Social,2026-04,2026-04-18,C00780-1,2026-04-18,75.8
C00781,Paid Social,2026-02,2026-02-27,C00781-1,2026-02-27,69.55
C00782,Paid Social,2026-01,2026-01-08,C00782-1,2026-01-08,26.53
C00782,Paid Social,2026-01,2026-01-08,C00782-2,2026-02-26,46.19
C00782,Paid Social,2026-01,2026-01-08,C00782-3,2026-03-15,37.35
C00783,Paid Social,2026-03,2026-03-04,C00783-1,2026-03-04,99.18
C00784,Paid Social,2025-12,2025-12-02,C00784-1,2025-12-02,76.48
C00785,Paid Social,2026-03,2026-03-04,C00785-1,2026-03-04,62.49
C00786,Paid Social,2026-03,2026-03-09,C00786-1,2026-03-09,45.78
C00787,Paid Social,2026-01,2026-01-11,C00787-1,2026-01-11,70.34
C00787,Paid Social,2026-01,2026-01-11,C00787-2,2026-02-14,63.75
C00788,Paid Social,2026-03,2026-03-10,C00788-1,2026-03-10,42.71
C00788,Paid Social,2026-03,2026-03-10,C00788-2,2026-04-03,67.06
C00789,Paid Social,2026-01,2026-01-28,C00789-1,2026-01-28,33.46
C00789,Paid Social,2026-01,2026-01-28,C00789-2,2026-03-03,94.66
C00790,Paid Social,2026-04,2026-04-07,C00790-1,2026-04-07,33.53
C00791,Paid Social,2026-02,2026-02-19,C00791-1,2026-02-19,95.94
C00792,Paid Social,2026-05,2026-05-16,C00792-1,2026-05-16,32.44
C00793,Paid Social,2026-02,2026-02-12,C00793-1,2026-02-12,51.73
C00793,Paid Social,2026-02,2026-02-12,C00793-2,2026-03-02,40.58
C00794,Paid Social,2026-02,2026-02-11,C00794-1,2026-02-11,70.01
C00794,Paid Social,2026-02,2026-02-11,C00794-2,2026-03-30,73.07
C00795,Paid Social,2026-01,2026-01-16,C00795-1,2026-01-16,77.93
C00796,Paid Social,2026-03,2026-03-10,C00796-1,2026-03-10,93.6
C00797,Paid Social,2026-03,2026-03-18,C00797-1,2026-03-18,60.8
C00798,Paid Social,2026-05,2026-05-07,C00798-1,2026-05-07,86.9
C00799,Paid Social,2026-05,2026-05-03,C00799-1,2026-05-03,86.69
C00800,Paid Social,2026-04,2026-04-17,C00800-1,2026-04-17,78.2
C00801,Display,2026-01,2026-01-17,C00801-1,2026-01-17,86.84
C00801,Display,2026-01,2026-01-17,C00801-2,2026-02-17,90.66
C00802,Display,2026-02,2026-02-16,C00802-1,2026-02-16,33.88
C00803,Display,2026-03,2026-03-09,C00803-1,2026-03-09,52.18
C00804,Display,2026-02,2026-02-16,C00804-1,2026-02-16,75.94
C00805,Display,2025-12,2025-12-07,C00805-1,2025-12-07,66.28
C00806,Display,2026-01,2026-01-11,C00806-1,2026-01-11,52.25
C00807,Display,2026-04,2026-04-12,C00807-1,2026-04-12,58.95
C00807,Display,2026-04,2026-04-12,C00807-2,2026-05-10,68.55
C00808,Display,2026-04,2026-04-09,C00808-1,2026-04-09,61.43
C00809,Display,2026-05,2026-05-25,C00809-1,2026-05-25,45.26
C00810,Display,2026-03,2026-03-02,C00810-1,2026-03-02,103.7
C00811,Display,2026-02,2026-02-19,C00811-1,2026-02-19,56.35
C00812,Display,2026-03,2026-03-10,C00812-1,2026-03-10,66.9
C00813,Display,2026-05,2026-05-16,C00813-1,2026-05-16,80.38
C00814,Display,2026-05,2026-05-24,C00814-1,2026-05-24,44.09
C00815,Display,2026-05,2026-05-17,C00815-1,2026-05-17,63.37
C00816,Display,2026-02,2026-02-06,C00816-1,2026-02-06,59.8
C00817,Display,2026-03,2026-03-21,C00817-1,2026-03-21,44.97
C00818,Display,2026-05,2026-05-18,C00818-1,2026-05-18,47.14
C00819,Display,2025-12,2025-12-24,C00819-1,2025-12-24,67.23
C00820,Display,2025-12,2025-12-28,C00820-1,2025-12-28,55.39
C00821,Display,2026-02,2026-02-26,C00821-1,2026-02-26,27.37
C00822,Display,2026-02,2026-02-09,C00822-1,2026-02-09,61.87
C00822,Display,2026-02,2026-02-09,C00822-2,2026-03-14,69.87
C00823,Display,2026-01,2026-01-26,C00823-1,2026-01-26,73.76
C00824,Display,2025-12,2025-12-12,C00824-1,2025-12-12,63.45
C00825,Display,2026-03,2026-03-15,C00825-1,2026-03-15,81.1
C00826,Display,2026-03,2026-03-03,C00826-1,2026-03-03,68.02
C00827,Display,2026-01,2026-01-10,C00827-1,2026-01-10,50.29
C00827,Display,2026-01,2026-01-10,C00827-2,2026-03-03,51.88
C00828,Display,2026-03,2026-03-09,C00828-1,2026-03-09,71.68
C00829,Display,2026-03,2026-03-26,C00829-1,2026-03-26,85.78
C00830,Display,2026-05,2026-05-23,C00830-1,2026-05-23,66.72
C00831,Display,2025-12,2025-12-14,C00831-1,2025-12-14,45.05
C00832,Display,2025-12,2025-12-11,C00832-1,2025-12-11,68.52
C00833,Display,2025-12,2025-12-19,C00833-1,2025-12-19,59.39
C00833,Display,2025-12,2025-12-19,C00833-2,2026-01-24,48.28
C00834,Display,2025-12,2025-12-12,C00834-1,2025-12-12,61.83
C00834,Display,2025-12,2025-12-12,C00834-2,2026-01-23,75.13
C00835,Display,2026-02,2026-02-13,C00835-1,2026-02-13,63.64
C00836,Display,2026-05,2026-05-07,C00836-1,2026-05-07,43.39
C00837,Display,2026-04,2026-04-22,C00837-1,2026-04-22,65.62
C00838,Display,2026-04,2026-04-14,C00838-1,2026-04-14,51.24
C00839,Display,2026-04,2026-04-11,C00839-1,2026-04-11,43.03
C00839,Display,2026-04,2026-04-11,C00839-2,2026-05-12,86.3
C00840,Display,2026-02,2026-02-03,C00840-1,2026-02-03,73.17
C00841,Display,2026-03,2026-03-18,C00841-1,2026-03-18,39.66
C00841,Display,2026-03,2026-03-18,C00841-2,2026-05-07,53.33
C00842,Display,2025-12,2025-12-14,C00842-1,2025-12-14,64.7
C00843,Display,2026-05,2026-05-13,C00843-1,2026-05-13,76.67
C00844,Display,2026-04,2026-04-27,C00844-1,2026-04-27,63.9
C00844,Display,2026-04,2026-04-27,C00844-2,2026-05-21,44.0
C00845,Display,2026-04,2026-04-01,C00845-1,2026-04-01,36.61
C00846,Display,2026-02,2026-02-15,C00846-1,2026-02-15,63.05
C00847,Display,2026-03,2026-03-21,C00847-1,2026-03-21,59.16
C00847,Display,2026-03,2026-03-21,C00847-2,2026-05-11,51.54
C00848,Display,2026-05,2026-05-05,C00848-1,2026-05-05,71.79
C00849,Display,2025-12,2025-12-24,C00849-1,2025-12-24,37.06
C00850,Display,2026-02,2026-02-13,C00850-1,2026-02-13,52.15
C00851,Display,2026-04,2026-04-13,C00851-1,2026-04-13,48.4
C00852,Display,2025-12,2025-12-07,C00852-1,2025-12-07,43.22
C00853,Display,2026-05,2026-05-09,C00853-1,2026-05-09,59.55
C00854,Display,2026-04,2026-04-02,C00854-1,2026-04-02,64.51
C00855,Display,2026-03,2026-03-20,C00855-1,2026-03-20,42.95
C00856,Display,2026-01,2026-01-17,C00856-1,2026-01-17,71.61
C00857,Display,2026-03,2026-03-12,C00857-1,2026-03-12,51.42
C00858,Display,2026-02,2026-02-26,C00858-1,2026-02-26,44.91
C00859,Display,2026-05,2026-05-12,C00859-1,2026-05-12,52.81
C00860,Display,2026-02,2026-02-18,C00860-1,2026-02-18,35.29
C00861,Display,2026-01,2026-01-06,C00861-1,2026-01-06,45.45
C00861,Display,2026-01,2026-01-06,C00861-2,2026-03-09,44.57
C00862,Display,2026-03,2026-03-25,C00862-1,2026-03-25,75.96
C00863,Display,2026-01,2026-01-09,C00863-1,2026-01-09,48.44
C00864,Display,2026-03,2026-03-06,C00864-1,2026-03-06,84.08
C00864,Display,2026-03,2026-03-06,C00864-2,2026-04-12,64.4
C00865,Display,2025-12,2025-12-14,C00865-1,2025-12-14,54.18
C00865,Display,2025-12,2025-12-14,C00865-2,2026-02-07,59.77
C00866,Display,2026-02,2026-02-05,C00866-1,2026-02-05,33.95
C00867,Display,2026-01,2026-01-12,C00867-1,2026-01-12,74.11
C00868,Display,2026-02,2026-02-01,C00868-1,2026-02-01,51.54
C00868,Display,2026-02,2026-02-01,C00868-2,2026-02-23,50.68
C00869,Display,2026-01,2026-01-26,C00869-1,2026-01-26,72.04
C00869,Display,2026-01,2026-01-26,C00869-2,2026-03-12,58.42
C00870,Display,2026-01,2026-01-12,C00870-1,2026-01-12,5.0
C00871,Display,2026-01,2026-01-07,C00871-1,2026-01-07,50.11
C00872,Display,2025-12,2025-12-25,C00872-1,2025-12-25,82.54
C00873,Display,2025-12,2025-12-08,C00873-1,2025-12-08,61.8
C00874,Display,2026-05,2026-05-14,C00874-1,2026-05-14,60.39
C00875,Display,2026-03,2026-03-10,C00875-1,2026-03-10,42.61
C00875,Display,2026-03,2026-03-10,C00875-2,2026-04-11,64.69
C00876,Display,2026-03,2026-03-04,C00876-1,2026-03-04,68.27
C00876,Display,2026-03,2026-03-04,C00876-2,2026-04-11,85.7
C00877,Display,2025-12,2025-12-23,C00877-1,2025-12-23,84.24
C00878,Display,2026-01,2026-01-09,C00878-1,2026-01-09,49.2
C00879,Display,2026-04,2026-04-23,C00879-1,2026-04-23,65.4
C00880,Display,2025-12,2025-12-04,C00880-1,2025-12-04,60.46
C00881,Display,2026-02,2026-02-25,C00881-1,2026-02-25,51.19
C00882,Display,2026-03,2026-03-01,C00882-1,2026-03-01,58.92
C00883,Display,2025-12,2025-12-17,C00883-1,2025-12-17,72.22
C00884,Display,2026-01,2026-01-27,C00884-1,2026-01-27,53.57
C00885,Display,2026-03,2026-03-07,C00885-1,2026-03-07,66.78
C00886,Display,2026-01,2026-01-07,C00886-1,2026-01-07,72.78
C00886,Display,2026-01,2026-01-07,C00886-2,2026-01-28,45.17
C00887,Display,2026-03,2026-03-02,C00887-1,2026-03-02,47.26
C00888,Display,2026-02,2026-02-19,C00888-1,2026-02-19,60.17
C00889,Display,2025-12,2025-12-28,C00889-1,2025-12-28,70.7
C00889,Display,2025-12,2025-12-28,C00889-2,2026-02-08,64.36
C00890,Display,2025-12,2025-12-20,C00890-1,2025-12-20,46.33
C00891,Display,2026-01,2026-01-26,C00891-1,2026-01-26,63.64
C00892,Display,2026-03,2026-03-03,C00892-1,2026-03-03,57.33
C00892,Display,2026-03,2026-03-03,C00892-2,2026-04-29,84.17
C00893,Display,2026-01,2026-01-14,C00893-1,2026-01-14,70.89
C00893,Display,2026-01,2026-01-14,C00893-2,2026-03-15,57.32
C00894,Display,2026-03,2026-03-03,C00894-1,2026-03-03,40.75
C00895,Display,2026-01,2026-01-21,C00895-1,2026-01-21,50.4
C00896,Display,2026-05,2026-05-15,C00896-1,2026-05-15,45.65
C00897,Display,2026-03,2026-03-14,C00897-1,2026-03-14,57.21
C00898,Display,2026-01,2026-01-13,C00898-1,2026-01-13,83.38
C00899,Display,2026-04,2026-04-03,C00899-1,2026-04-03,58.78
C00900,Display,2025-12,2025-12-02,C00900-1,2025-12-02,49.05
C00901,Display,2025-12,2025-12-07,C00901-1,2025-12-07,49.96
C00901,Display,2025-12,2025-12-07,C00901-2,2026-01-24,35.95
C00902,Display,2026-04,2026-04-21,C00902-1,2026-04-21,78.12
C00903,Display,2025-12,2025-12-15,C00903-1,2025-12-15,43.53
C00903,Display,2025-12,2025-12-15,C00903-2,2026-01-21,77.65
C00904,Display,2026-04,2026-04-11,C00904-1,2026-04-11,54.36
C00905,Display,2025-12,2025-12-11,C00905-1,2025-12-11,99.16
C00906,Display,2026-05,2026-05-12,C00906-1,2026-05-12,53.89
C00907,Display,2026-02,2026-02-14,C00907-1,2026-02-14,66.93
C00908,Display,2026-01,2026-01-22,C00908-1,2026-01-22,46.98
C00909,Display,2026-02,2026-02-16,C00909-1,2026-02-16,51.34
C00910,Display,2026-04,2026-04-09,C00910-1,2026-04-09,44.13
C00911,Display,2026-04,2026-04-11,C00911-1,2026-04-11,18.5
C00912,Display,2026-03,2026-03-16,C00912-1,2026-03-16,66.55
C00913,Display,2025-12,2025-12-25,C00913-1,2025-12-25,73.0
C00914,Display,2025-12,2025-12-27,C00914-1,2025-12-27,65.19
C00915,Display,2026-04,2026-04-27,C00915-1,2026-04-27,42.89
C00915,Display,2026-04,2026-04-27,C00915-2,2026-05-25,78.66
C00916,Display,2026-04,2026-04-26,C00916-1,2026-04-26,16.81
C00917,Display,2026-05,2026-05-07,C00917-1,2026-05-07,66.43
C00918,Display,2026-02,2026-02-18,C00918-1,2026-02-18,45.13
C00919,Display,2026-01,2026-01-20,C00919-1,2026-01-20,73.06
C00920,Display,2026-01,2026-01-13,C00920-1,2026-01-13,41.45
C00921,Display,2026-02,2026-02-14,C00921-1,2026-02-14,50.79
C00922,Display,2026-04,2026-04-20,C00922-1,2026-04-20,46.93
C00922,Display,2026-04,2026-04-20,C00922-2,2026-05-10,57.19
C00923,Display,2026-04,2026-04-06,C00923-1,2026-04-06,75.76
C00923,Display,2026-04,2026-04-06,C00923-2,2026-04-28,70.75
C00924,Display,2026-02,2026-02-05,C00924-1,2026-02-05,43.46
C00925,Display,2026-02,2026-02-05,C00925-1,2026-02-05,59.33
C00926,Display,2026-02,2026-02-23,C00926-1,2026-02-23,51.46
C00927,Display,2026-04,2026-04-28,C00927-1,2026-04-28,83.69
C00928,Display,2026-01,2026-01-10,C00928-1,2026-01-10,36.53
C00929,Display,2025-12,2025-12-04,C00929-1,2025-12-04,49.22
C00930,Display,2026-04,2026-04-06,C00930-1,2026-04-06,64.67
